{"accuracy": 0.6089904045248299, "balanced_accuracy": 0.5, "f1": 0.0, "mcc": 0.0, "global_accuracy": 0.728739800543971, "global_f1": 0.0, "global_mcc": 0.0, "global_balanced_accuracy": 0.5, "loss": 0}