{"accuracy": 0.2844193018632714, "auc_A": 0.5, "auc_C": 0.5, "auc_G": 0.5, "auc_U": 0.5, "coverage": 1.0, "f1_A": 0.0, "f1_C": 0.0, "f1_G": 0.4396326285705407, "f1_U": 0.0, "macro_f1": 0.11007102737058856, "mcc": 0.0, "mean_auc": 0.5, "non_standard_ratio": 0.0, "weighted_f1": 0.13448458304621475, "global_accuracy": 0.2846185064935065, "global_mcc": 0.0, "global_macro_f1": 0.11077938899946292, "global_weighted_f1": 0.12611945698916127, "global_coverage": 1.0, "global_non_standard_ratio": 0.0017420896973625573, "global_auc_A": 0.5, "global_f1_A": 0.0, "global_auc_C": 0.5, "global_f1_C": 0.0, "global_auc_G": 0.5, "global_f1_G": 0.4431175559978517, "global_auc_U": 0.5, "global_f1_U": 0.0, "global_mean_auc": 0.5, "confusion_matrix": [[0, 0, 0, 43, 0], [0, 0, 0, 6001, 0], [0, 0, 0, 5977, 0], [0, 0, 0, 7013, 0], [0, 0, 0, 5649, 0]], "loss": 0}