{"accuracy": 0.9144293257894727, "balanced_accuracy": 0.5, "f1": 0.0, "mcc": 0.0, "global_accuracy": 0.9488399762046401, "global_f1": 0.0, "global_mcc": 0.0, "global_balanced_accuracy": 0.5, "loss": 0}