{"accuracy": 0.9104895973299685, "balanced_accuracy": 0.5, "f1": 0.0, "mcc": 0.0, "global_accuracy": 0.9219038817005545, "global_f1": 0.0, "global_mcc": 0.0, "global_balanced_accuracy": 0.5, "loss": 0}