{"accuracy": 0.7416788902320347, "auc": 0.6459531504357418, "balanced_accuracy": 0.6396653005040501, "f1": 0.27315883462942286, "mcc": 0.21007789262349588, "global_accuracy": 0.7851201478743068, "global_f1": 0.24143556280587275, "global_mcc": 0.1677100348764194, "global_balanced_accuracy": 0.6262030816686688, "global_auc": 0.6298942622829262, "loss": 0.6971633970737457}