{"accuracy": 0.7861910444163224, "auc": 0.6693823679821927, "balanced_accuracy": 0.639846864070087, "f1": 0.2850982108403343, "mcc": 0.20789802107980612, "global_accuracy": 0.8308687615526802, "global_f1": 0.2988505747126437, "global_mcc": 0.2350729582086074, "global_balanced_accuracy": 0.6618469250048198, "global_auc": 0.7000163129717786, "loss": 0.704898738861084}