{"accuracy": 0.6903329554717649, "auc": 0.6607402923129262, "balanced_accuracy": 0.6296796476608985, "f1": 0.2671108821657451, "mcc": 0.19212035285185597, "global_accuracy": 0.7125693160813309, "global_f1": 0.2066326530612245, "global_mcc": 0.1258953882524484, "global_balanced_accuracy": 0.6058103839480358, "global_auc": 0.6300603579955807, "loss": 0.7221290647983551}