{"accuracy": 0.5322871400813586, "auc": 0.5718988039848658, "balanced_accuracy": 0.5065678965405633, "f1": 0.040218284252010184, "mcc": 0.01575443524767836, "global_accuracy": 0.7293293832480474, "global_f1": 0.04133545310015898, "global_mcc": 0.043336218235128475, "global_balanced_accuracy": 0.5056328532163954, "global_auc": 0.6179544082967356, "loss": 0.8901609086068298}