{"accuracy": 0.7405417259781135, "auc": 0.7861433960397786, "balanced_accuracy": 0.699238523050911, "f1": 0.32933789488228654, "mcc": 0.25220782496468336, "global_accuracy": 0.7449223416965353, "global_f1": 0.32755905511811023, "global_mcc": 0.20045322565692902, "global_balanced_accuracy": 0.6270501556063084, "global_auc": 0.6607658859051899, "loss": 0.890932583808899}