{"accuracy": 0.5919939096382386, "auc": 0.5954563147652089, "balanced_accuracy": 0.555066569139851, "f1": 0.3315250336579808, "mcc": 0.1009728076066457, "global_accuracy": 0.6586460764948824, "global_f1": 0.34335060449050087, "global_mcc": 0.11322563102991437, "global_balanced_accuracy": 0.5553574595343624, "global_auc": 0.6061267530701728, "loss": 0.7698984041966069}