{"accuracy": 0.21052631578947367, "f1": 0.03783783783783784, "jaccard": 0.020895522388059702, "auc": 0.30100723837565935, "loss": 0.754809024498651}