{"accuracy": 0.8802396093982556, "auc": 0.6578201998695844, "balanced_accuracy": 0.5616289463520596, "f1": 0.15332829483374646, "mcc": 0.1277798244094756, "global_accuracy": 0.9161700975081257, "global_f1": 0.19714656290531776, "global_mcc": 0.17696060836996977, "global_balanced_accuracy": 0.55898792105915, "global_auc": 0.5899166221644526, "loss": 2.6312853311237534}