{"accuracy": 0.3868242537647181, "auc_A": 0.6470206338041435, "auc_C": 0.6309922983930204, "auc_G": 0.6374149551618172, "auc_U": 0.6032569295729632, "coverage": 1.0, "f1_A": 0.3910780117284127, "f1_C": 0.3011042341468253, "f1_G": 0.43324041334382773, "f1_U": 0.18585997648768604, "macro_f1": 0.3230542981914969, "mcc": 0.16646762892023775, "mean_auc": 0.6287988870497645, "non_standard_ratio": 0.0, "weighted_f1": 0.3524956745814232, "global_accuracy": 0.38896098629248116, "global_mcc": 0.18155176858827252, "global_macro_f1": 0.3602760726515264, "global_weighted_f1": 0.3664712991065803, "global_coverage": 1.0, "global_non_standard_ratio": 0.0006889564336372847, "global_auc_A": 0.6773012445082357, "global_f1_A": 0.44393982401362475, "global_auc_C": 0.6378185055452786, "global_f1_C": 0.32139650872817954, "global_auc_G": 0.6564675326290865, "global_f1_G": 0.4605421514126884, "global_auc_U": 0.6177585857259198, "global_f1_U": 0.2152258064516129, "global_mean_auc": 0.6473364671021302, "confusion_matrix": [[0, 12, 2, 0, 3], [0, 3128, 599, 1798, 479], [0, 1396, 1611, 2606, 364], [0, 1572, 1014, 4018, 414], [0, 1992, 824, 2009, 834]], "loss": 1.482985613981494}