{"accuracy": 0.9836065573770492, "auc": 0.5333333333333333, "balanced_accuracy": 0.5, "f1": 0.0, "mcc": 0.0, "global_accuracy": 0.9920948616600791, "global_f1": 0.0, "global_mcc": -0.003968253968253968, "global_balanced_accuracy": 0.498015873015873, "global_auc": 0.6746031746031746, "loss": 0.23407182097434998}