{"accuracy": 0.761272060576389, "auc": 0.6448604253747309, "balanced_accuracy": 0.6340398057597048, "f1": 0.2668095403436959, "mcc": 0.1858086129248508, "global_accuracy": 0.8073012939001848, "global_f1": 0.26455026455026454, "global_mcc": 0.19522957118631545, "global_balanced_accuracy": 0.6409411101718794, "global_auc": 0.6752502558170576, "loss": 0.7469021916389466}