{"accuracy": 0.8036520108190722, "auc": 0.7446061179336647, "balanced_accuracy": 0.6502284278155214, "f1": 0.22877103018716752, "mcc": 0.1789159612833679, "global_accuracy": 0.8327899394503959, "global_f1": 0.25052192066805845, "global_mcc": 0.21821090883634758, "global_balanced_accuracy": 0.6781363432947143, "global_auc": 0.7844815440969287, "loss": 0.5924330204725266}