{"accuracy": 0.9420560210415688, "auc": 0.8413864060077808, "balanced_accuracy": 0.7172537722045038, "f1": 0.4210547886886274, "mcc": 0.4166846712810635, "global_accuracy": 0.9561473087818697, "global_f1": 0.48741721854304637, "global_mcc": 0.4747237094422781, "global_balanced_accuracy": 0.6976170647709119, "global_auc": 0.8312617128586713, "loss": 0.6546475549985189}