{"accuracy": 0.6824862097089068, "auc": 0.6382387833436132, "balanced_accuracy": 0.6098730530425341, "f1": 0.26441257805691615, "mcc": 0.17575303432264675, "global_accuracy": 0.7273567467652495, "global_f1": 0.1983695652173913, "global_mcc": 0.11248001231990197, "global_balanced_accuracy": 0.5921668075514229, "global_auc": 0.6143821091189512, "loss": 0.7303462266921997}