{"accuracy": 0.8541273731181722, "auc": 0.6789698088661205, "balanced_accuracy": 0.5758457892409341, "f1": 0.17626633508811537, "mcc": 0.13943662917956734, "global_accuracy": 0.9186078006500542, "global_f1": 0.22451612903225807, "global_mcc": 0.2072575085773244, "global_balanced_accuracy": 0.5696657512311378, "global_auc": 0.6291209793026212, "loss": 1.980249997895015}