{"accuracy": 0.8521542431277085, "auc": 0.6516210412448161, "balanced_accuracy": 0.572980696765643, "f1": 0.16159567011852866, "mcc": 0.1255600497960597, "global_accuracy": 0.9194203683640303, "global_f1": 0.2160737812911726, "global_mcc": 0.2027358767289197, "global_balanced_accuracy": 0.5658484201916607, "global_auc": 0.6175891658245687, "loss": 2.0241845839901975}