{"accuracy": 0.6744186046511628, "f1": 0.26851851851851855, "mcc": 0.0, "balanced_accuracy": 0.3333333333333333, "auc": 0.30983397190293743, "loss": 0.988098026708115}