{"accuracy": 0.6744186046511628, "f1": 0.26851851851851855, "mcc": 0.0, "balanced_accuracy": 0.3333333333333333, "auc": 0.4698275862068965, "loss": 0.9553293322407922}