{"accuracy": 0.7837837837837838, "f1": 0.0, "jaccard": 0.0, "loss": 0.2019146444729051}