{"accuracy": 0.856660653930227, "auc": 0.6771047920552653, "balanced_accuracy": 0.5901491019320179, "f1": 0.19717741207797956, "mcc": 0.162322500790035, "global_accuracy": 0.9200975081256771, "global_f1": 0.2512690355329949, "global_mcc": 0.23384548757626186, "global_balanced_accuracy": 0.5806832568759634, "global_auc": 0.6446927024202451, "loss": 1.7736102085364491}