{"accuracy": 0.8744059778236464, "auc": 0.6292262537280094, "balanced_accuracy": 0.5541827668396334, "f1": 0.129505400000756, "mcc": 0.10067612832450634, "global_accuracy": 0.903169014084507, "global_f1": 0.15584415584415584, "global_mcc": 0.11364372110595448, "global_balanced_accuracy": 0.5434619832239485, "global_auc": 0.5629081676892047, "loss": 3.0593844247491737}