{"accuracy": 0.9244137571978075, "auc": 0.8483565575103249, "balanced_accuracy": 0.7379061846149919, "f1": 0.45786731216966836, "mcc": 0.44537311431585297, "global_accuracy": 0.9468176781977102, "global_f1": 0.5344827586206896, "global_mcc": 0.5084010109991721, "global_balanced_accuracy": 0.7353336947447058, "global_auc": 0.866312338887463, "loss": 0.6702995191638669}