{"accuracy": 0.3884188290145271, "auc_A": 0.6437905579379842, "auc_C": 0.6320808931356301, "auc_G": 0.6373960578413852, "auc_U": 0.6053456959397848, "coverage": 1.0, "f1_A": 0.38202448479075923, "f1_C": 0.3333348277900129, "f1_G": 0.42415647811265844, "f1_U": 0.20819333518999084, "macro_f1": 0.33180997273222834, "mcc": 0.1675373036442449, "mean_auc": 0.6288304295220545, "non_standard_ratio": 0.0, "weighted_f1": 0.36140048810685765, "global_accuracy": 0.3902587395571417, "global_mcc": 0.18230370456701397, "global_macro_f1": 0.3713756199512733, "global_weighted_f1": 0.37634674703538473, "global_coverage": 1.0, "global_non_standard_ratio": 0.0006889564336372847, "global_auc_A": 0.6776616328901779, "global_f1_A": 0.43476311463159467, "global_auc_C": 0.6387964169019802, "global_f1_C": 0.3552200800291015, "global_auc_G": 0.655621199035328, "global_f1_G": 0.449261438693407, "global_auc_U": 0.6196761957905152, "global_f1_U": 0.24625784645098986, "global_mean_auc": 0.6479388611545003, "confusion_matrix": [[0, 12, 2, 2, 1], [0, 2909, 750, 1690, 655], [0, 1261, 1953, 2303, 460], [0, 1450, 1337, 3741, 490], [0, 1758, 979, 1902, 1020]], "loss": 1.4829937496511745}