{"accuracy": 0.38769335238434044, "auc_A": 0.6423678936140674, "auc_C": 0.6319779928418575, "auc_G": 0.637496832425518, "auc_U": 0.6062273446587204, "coverage": 1.0, "f1_A": 0.3791540286706979, "f1_C": 0.33003076588946956, "f1_G": 0.42411895868931293, "f1_U": 0.21597015709506395, "macro_f1": 0.33177514632323096, "mcc": 0.1672944442309093, "mean_auc": 0.6286410346933639, "non_standard_ratio": 0.0, "weighted_f1": 0.361633389214153, "global_accuracy": 0.3898937464514559, "global_mcc": 0.1818311312504319, "global_macro_f1": 0.3715624087342302, "global_weighted_f1": 0.37654313040185533, "global_coverage": 1.0, "global_non_standard_ratio": 0.0006889564336372847, "global_auc_A": 0.6765288153203608, "global_f1_A": 0.43324636600819977, "global_auc_C": 0.6386005211688075, "global_f1_C": 0.35192660550458715, "global_auc_G": 0.6564786556305814, "global_f1_G": 0.4508691453404153, "global_auc_U": 0.6199749996607462, "global_f1_U": 0.2502075180837187, "global_mean_auc": 0.647895747945124, "confusion_matrix": [[0, 12, 2, 0, 3], [0, 2906, 742, 1648, 708], [0, 1271, 1918, 2303, 485], [0, 1463, 1294, 3735, 526], [0, 1771, 969, 1864, 1055]], "loss": 1.4833816453122277}