{"accuracy": 0.3826340049530425, "auc_A": 0.6448040370273382, "auc_C": 0.6280984494759507, "auc_G": 0.6477028003569797, "auc_U": 0.6133814283929684, "coverage": 1.0, "f1_A": 0.3876417297562345, "f1_C": 0.32495407360306894, "f1_G": 0.4209946661966177, "f1_U": 0.1744485301247687, "macro_f1": 0.3211918970545019, "mcc": 0.16472119305263613, "mean_auc": 0.6313778808043001, "non_standard_ratio": 0.0, "weighted_f1": 0.3510010260514733, "global_accuracy": 0.3824686650711881, "global_mcc": 0.17269166796025268, "global_macro_f1": 0.3562195577055536, "global_weighted_f1": 0.3623416417074349, "global_coverage": 1.0, "global_non_standard_ratio": 0.002104837077514673, "global_auc_A": 0.6783953117460999, "global_f1_A": 0.43864707123268404, "global_auc_C": 0.6326791414596906, "global_f1_C": 0.3336443366299683, "global_auc_G": 0.656160457688842, "global_f1_G": 0.45158950803819653, "global_auc_U": 0.6265219512753398, "global_f1_U": 0.20099731492136555, "global_mean_auc": 0.6484392155424931, "confusion_matrix": [[0, 36, 2, 9, 5], [0, 3119, 670, 1597, 614], [0, 1397, 1788, 2426, 364], [0, 1544, 1341, 3736, 399], [0, 2161, 944, 1767, 786]], "loss": 1.483775536850787}