{"accuracy": 0.8167613881003212, "auc": 0.7411636033556845, "balanced_accuracy": 0.6332385118560895, "f1": 0.16801091628677836, "mcc": 0.13866615317780076, "global_accuracy": 0.8465199286139203, "global_f1": 0.17834394904458598, "global_mcc": 0.128816273959447, "global_balanced_accuracy": 0.6000947729095283, "global_auc": 0.6966829481665087, "loss": 0.5487970262765884}