{"accuracy": 0.7779874202239514, "auc": 0.6463747331307692, "balanced_accuracy": 0.6405700616809457, "f1": 0.28163657610547943, "mcc": 0.2103217353223856, "global_accuracy": 0.8207024029574861, "global_f1": 0.27611940298507465, "global_mcc": 0.20806770760259852, "global_balanced_accuracy": 0.6455013272827038, "global_auc": 0.6783971763728849, "loss": 0.7404481172561646}