{"accuracy": 0.6133759750587465, "auc": 0.5873580945351542, "balanced_accuracy": 0.5376294116477198, "f1": 0.25234506540629437, "mcc": 0.07955585853725437, "global_accuracy": 0.7377531899705542, "global_f1": 0.33340893626672713, "global_mcc": 0.1981297520613916, "global_balanced_accuracy": 0.5794518412008154, "global_auc": 0.6634072637422648, "loss": 0.7686146114331981}