{"accuracy": 0.8402817108073581, "auc": 0.6694444318308396, "balanced_accuracy": 0.6451541978624382, "f1": 0.2864809140439392, "mcc": 0.23713084210827415, "global_accuracy": 0.8617181612660135, "global_f1": 0.27897838899803534, "global_mcc": 0.21833065961763354, "global_balanced_accuracy": 0.6398067304508461, "global_auc": 0.6632770429236158, "loss": 0.6159999668598175}