{"accuracy": 0.7926239186355271, "auc": 0.7188493595171819, "balanced_accuracy": 0.6267919256618365, "f1": 0.15245506443433018, "mcc": 0.1172656460437268, "global_accuracy": 0.8304580606781677, "global_f1": 0.16909620991253643, "global_mcc": 0.11893158213324347, "global_balanced_accuracy": 0.5971312969308158, "global_auc": 0.6981482831522928, "loss": 0.5713826566934586}