{"accuracy": 0.7801723047234106, "auc": 0.8053224499771725, "balanced_accuracy": 0.6694261687702863, "f1": 0.2071328055491746, "mcc": 0.18077028602205897, "global_accuracy": 0.8028923406534547, "global_f1": 0.21030042918454936, "global_mcc": 0.17319560899767553, "global_balanced_accuracy": 0.650960950952619, "global_auc": 0.7637782591790258, "loss": 0.560692124068737}