{"accuracy": 0.37941076214246205, "auc_A": 0.6382321623423408, "auc_C": 0.6396885509681615, "auc_G": 0.638720524842014, "auc_U": 0.6118646966372895, "coverage": 1.0, "f1_A": 0.3631288615277443, "f1_C": 0.33608690199546004, "f1_G": 0.4191011244521229, "f1_U": 0.21969370097758678, "macro_f1": 0.3307774189374178, "mcc": 0.1663081476533569, "mean_auc": 0.6326334913180575, "non_standard_ratio": 0.0, "weighted_f1": 0.35413995356474326, "global_accuracy": 0.38115484288953677, "global_mcc": 0.16882923081512421, "global_macro_f1": 0.36364793114859967, "global_weighted_f1": 0.36894153682682007, "global_coverage": 1.0, "global_non_standard_ratio": 0.009465746831381357, "global_auc_A": 0.6644688109654739, "global_f1_A": 0.4168696711327649, "global_auc_C": 0.6372675500941938, "global_f1_C": 0.34874919228283946, "global_auc_G": 0.6480464696940291, "global_f1_G": 0.44573272770738703, "global_auc_U": 0.6217545504423931, "global_f1_U": 0.24324013347140722, "global_mean_auc": 0.6428843452990225, "confusion_matrix": [[0, 223, 0, 2, 11], [0, 2738, 747, 1692, 748], [0, 1289, 1889, 2285, 479], [0, 1396, 1297, 3729, 732], [0, 1788, 958, 1872, 1057]], "loss": 1.4890838556173371}