{"accuracy": 0.5621630343923492, "auc": 0.5829146659902691, "balanced_accuracy": 0.524864439117841, "f1": 0.18308517151158324, "mcc": 0.050624014046724314, "global_accuracy": 0.72753388993626, "global_f1": 0.22159528084124133, "global_mcc": 0.14009335242801513, "global_balanced_accuracy": 0.5431418113358545, "global_auc": 0.6314135010544752, "loss": 0.8068026698618659}