{"accuracy": 0.8776635730385285, "auc": 0.6329500084948814, "balanced_accuracy": 0.561880309321207, "f1": 0.13566374906259146, "mcc": 0.11147447361791492, "global_accuracy": 0.9126489707475623, "global_f1": 0.18250950570342206, "global_mcc": 0.15528879412106353, "global_balanced_accuracy": 0.5536835812896755, "global_auc": 0.5751807843356528, "loss": 3.1977588677876874}