{"accuracy": 0.21052631578947367, "f1": 0.012698412698412698, "jaccard": 0.006557377049180328, "auc": 0.6557107408720312, "loss": 0.6520057201973701}