{"accuracy": 0.14473684210526316, "f1": 0.011594202898550725, "jaccard": 0.005970149253731343, "auc": 0.5218184047282408, "loss": 0.7401716250828222}