{"accuracy": 0.5932054917971178, "auc": 0.6177419474571206, "balanced_accuracy": 0.5531701976987629, "f1": 0.26558041971449897, "mcc": 0.1130325887841021, "global_accuracy": 0.6933311019998326, "global_f1": 0.27669232287349516, "global_mcc": 0.1266456560251, "global_balanced_accuracy": 0.5477643099447185, "global_auc": 0.6340134658334148, "loss": 0.7896251752972603}