{"accuracy": 0.5963970199786858, "auc": 0.5907231479772759, "balanced_accuracy": 0.5312338979928155, "f1": 0.16487805936163058, "mcc": 0.0720223921190713, "global_accuracy": 0.711852726914747, "global_f1": 0.17942248388001122, "global_mcc": 0.054589513336612695, "global_balanced_accuracy": 0.5184426430130897, "global_auc": 0.6011041109838361, "loss": 0.7997190308136245}