{"accuracy": 0.8048794219822851, "auc": 0.729038064362354, "balanced_accuracy": 0.6313526653432229, "f1": 0.16104287157986316, "mcc": 0.13156824958088797, "global_accuracy": 0.825698988697204, "global_f1": 0.18384401114206128, "global_mcc": 0.13933810321455814, "global_balanced_accuracy": 0.6166253553984107, "global_auc": 0.6888896989137567, "loss": 0.569052666425705}