{"accuracy": 0.4266666666666667, "f1": 0.0, "jaccard": 0.0, "auc": 0.6480107776717946, "loss": 0.4962989577651024}