{"accuracy": 0.5956420864006166, "auc": 0.5924175405075452, "balanced_accuracy": 0.5604471623967355, "f1": 0.34948411525230993, "mcc": 0.1103917674119686, "global_accuracy": 0.6599928173819357, "global_f1": 0.3680961121308193, "global_mcc": 0.13552237361143551, "global_balanced_accuracy": 0.5677826259616041, "global_auc": 0.6200561868126439, "loss": 0.7595298789753652}