{"accuracy": 0.9672131147540983, "auc": 0.7333333333333334, "balanced_accuracy": 0.49166666666666664, "f1": 0.0, "mcc": -0.016666666666666666, "global_accuracy": 0.9881422924901185, "global_f1": 0.0, "global_mcc": -0.005623126668669676, "global_balanced_accuracy": 0.49603174603174605, "global_auc": 0.7261904761904762, "loss": 0.22419437766075134}