{"accuracy": 0.5941575878209567, "auc": 0.6086996861938874, "balanced_accuracy": 0.5440282804898338, "f1": 0.23435189931282824, "mcc": 0.08813519276241058, "global_accuracy": 0.6967139522355899, "global_f1": 0.25, "global_mcc": 0.09302926214247653, "global_balanced_accuracy": 0.5359032830721799, "global_auc": 0.6170835300637171, "loss": 0.7516650994288788}