{"accuracy": 0.937257446762648, "auc": 0.8900536119611524, "balanced_accuracy": 0.7066177123564135, "f1": 0.43508259455234555, "mcc": 0.44121163879805175, "global_accuracy": 0.9438984438984439, "global_f1": 0.49570552147239266, "global_mcc": 0.4967919263207791, "global_balanced_accuracy": 0.683042151720873, "global_auc": 0.8252384615702202, "loss": 0.8781237095439186}