{"accuracy": 0.3816392788432707, "auc_A": 0.6457637422829049, "auc_C": 0.6276253199372919, "auc_G": 0.647696364918789, "auc_U": 0.6100088500387156, "coverage": 1.0, "f1_A": 0.39829605370204485, "f1_C": 0.32076439905395093, "f1_G": 0.421726277464386, "f1_U": 0.14693327941282572, "macro_f1": 0.3161481916268159, "mcc": 0.16388594478624574, "mean_auc": 0.630636932303486, "non_standard_ratio": 0.0, "weighted_f1": 0.34648251519211937, "global_accuracy": 0.3809678335293879, "global_mcc": 0.17143947498823142, "global_macro_f1": 0.348899956018491, "global_weighted_f1": 0.3556336465391521, "global_coverage": 1.0, "global_non_standard_ratio": 0.002104837077514673, "global_auc_A": 0.6761400176915242, "global_f1_A": 0.4432793136320305, "global_auc_C": 0.6327392663420282, "global_f1_C": 0.3301282051282051, "global_auc_G": 0.6542616044799452, "global_f1_G": 0.4514539774092766, "global_auc_U": 0.6226921030268705, "global_f1_U": 0.17073832790445168, "global_mean_auc": 0.646458247885092, "confusion_matrix": [[0, 37, 1, 8, 6], [0, 3255, 644, 1618, 483], [0, 1484, 1751, 2457, 283], [0, 1630, 1318, 3757, 315], [0, 2317, 920, 1792, 629]], "loss": 1.483970307196265}