{"accuracy": 0.8228342591744138, "auc": 0.7417883801423951, "balanced_accuracy": 0.6848230980966549, "f1": 0.3076614603495745, "mcc": 0.2743001156103641, "global_accuracy": 0.8573711546144627, "global_f1": 0.3013698630136986, "global_mcc": 0.24285087224231824, "global_balanced_accuracy": 0.6592182044291386, "global_auc": 0.6802004113454824, "loss": 0.6708631813526154}