{"accuracy": 0.7866119341563924, "auc": 0.769584934553601, "balanced_accuracy": 0.7067905864233954, "f1": 0.24624482187595798, "mcc": 0.22033242143235604, "global_accuracy": 0.825147347740668, "global_f1": 0.21238938053097345, "global_mcc": 0.20573960298950186, "global_balanced_accuracy": 0.6955277280858676, "global_auc": 0.7658371040723981, "loss": 0.5642719566822052}