{"accuracy": 0.37869819369286917, "auc_A": 0.6438870759888483, "auc_C": 0.6184690712420486, "auc_G": 0.6403651462935612, "auc_U": 0.6109610915766271, "coverage": 1.0, "f1_A": 0.3749011946459583, "f1_C": 0.32662149058505924, "f1_G": 0.42793045111441513, "f1_U": 0.19184208191427496, "macro_f1": 0.3255200872520224, "mcc": 0.16064296561891822, "mean_auc": 0.6269324569019609, "non_standard_ratio": 0.0, "weighted_f1": 0.3511546219511117, "global_accuracy": 0.3808959106384607, "global_mcc": 0.1703283812277475, "global_macro_f1": 0.3580017478283068, "global_weighted_f1": 0.3633800676037965, "global_coverage": 1.0, "global_non_standard_ratio": 0.0016422242590895203, "global_auc_A": 0.6642538781373303, "global_f1_A": 0.4234585642920687, "global_auc_C": 0.6356427791567152, "global_f1_C": 0.3440105309346205, "global_auc_G": 0.6506066285508129, "global_f1_G": 0.44771590717536663, "global_auc_U": 0.6155766146566263, "global_f1_U": 0.2168219889111714, "global_mean_auc": 0.6415199751253712, "confusion_matrix": [[0, 25, 3, 8, 7], [0, 3094, 745, 1853, 646], [0, 1452, 1960, 2511, 412], [0, 1681, 1303, 3984, 463], [0, 2048, 1052, 2018, 919]], "loss": 1.488020920753479}