{"accuracy": 0.4266666666666667, "f1": 0.0, "jaccard": 0.0, "auc": 0.7021839663788815, "loss": 0.46927477926015854}