{"accuracy": 0.3800207310972457, "auc_A": 0.6455765965010797, "auc_C": 0.6256151889192277, "auc_G": 0.6479980894895376, "auc_U": 0.6134684595391524, "coverage": 1.0, "f1_A": 0.3865781508742378, "f1_C": 0.3258603441885386, "f1_G": 0.41876398676725446, "f1_U": 0.16054890179403078, "macro_f1": 0.31714863035309593, "mcc": 0.16081255909041947, "mean_auc": 0.6311215978401148, "non_standard_ratio": 0.0, "weighted_f1": 0.34758723859804225, "global_accuracy": 0.37983206911937695, "global_mcc": 0.16907039694306494, "global_macro_f1": 0.35234648358730336, "global_weighted_f1": 0.3586551765296532, "global_coverage": 1.0, "global_non_standard_ratio": 0.002104837077514673, "global_auc_A": 0.6781078244786362, "global_f1_A": 0.4356129757056593, "global_auc_C": 0.632774570669362, "global_f1_C": 0.3357541899441341, "global_auc_G": 0.6542014147909345, "global_f1_G": 0.4494909945184025, "global_auc_U": 0.6259382689962039, "global_f1_U": 0.18852777418101774, "global_mean_auc": 0.6477555197337841, "confusion_matrix": [[0, 36, 2, 9, 5], [0, 3102, 650, 1636, 612], [0, 1408, 1803, 2426, 338], [0, 1540, 1362, 3731, 387], [0, 2192, 950, 1788, 728]], "loss": 1.483562436546848}