{"accuracy": 0.38202818440372965, "auc_A": 0.6425215114139999, "auc_C": 0.631116072289061, "auc_G": 0.6442946955303659, "auc_U": 0.6120870405922759, "coverage": 1.0, "f1_A": 0.3961899171871306, "f1_C": 0.3230427162728772, "f1_G": 0.4205300709204719, "f1_U": 0.14596055626746138, "macro_f1": 0.3178632749563033, "mcc": 0.16766594186321074, "mean_auc": 0.6324800785213738, "non_standard_ratio": 0.0, "weighted_f1": 0.3435714388105514, "global_accuracy": 0.38689403779276826, "global_mcc": 0.18187706332946427, "global_macro_f1": 0.35502538926555144, "global_weighted_f1": 0.3606278360798743, "global_coverage": 1.0, "global_non_standard_ratio": 0.008392538119572895, "global_auc_A": 0.6716204889347736, "global_f1_A": 0.4378731873756042, "global_auc_C": 0.6424860124296905, "global_f1_C": 0.3415114789634447, "global_auc_G": 0.6620706299132659, "global_f1_G": 0.4621304666503787, "global_auc_U": 0.6271271907995928, "global_f1_U": 0.17858642407277817, "global_mean_auc": 0.6508260805193307, "confusion_matrix": [[0, 194, 0, 3, 5], [0, 3080, 601, 1666, 340], [0, 1488, 1733, 2344, 268], [0, 1581, 1084, 3783, 323], [0, 2232, 898, 1808, 638]], "loss": 1.4849885536403191}