{"accuracy": 0.543069726627685, "auc": 0.5923153431479447, "balanced_accuracy": 0.5134778364412975, "f1": 0.11529126191426936, "mcc": 0.033726308535446586, "global_accuracy": 0.7165813807343567, "global_f1": 0.15475234270414992, "global_mcc": 0.07320085069367442, "global_balanced_accuracy": 0.5205579821969163, "global_auc": 0.6058266929820821, "loss": 0.8158658164314418}