{"accuracy": 0.7272727272727273, "f1": 0.2807017543859649, "mcc": 0.0, "balanced_accuracy": 0.3333333333333333, "auc": 0.6893939393939394, "loss": 0.9225905144756491}