{"accuracy": 0.4, "f1": 0.0, "jaccard": 0.0, "auc": 0.6762239780777917, "loss": 0.46925249715646106}