{"test_metrics":
{"accuracy": 0.5298304736758419, "auc": 0.5334241496233989, "balanced_accuracy": 0.502877605318252, "f1": 0.2896107097279927, "mcc": 0.006397462506002727, "global_accuracy": 0.6219436386241194, "global_f1": 0.28604969673253766, "global_mcc": 0.029643040277213272, "global_balanced_accuracy": 0.5144202943499198, "global_auc": 0.5409999433415743, "loss": 0.790042479624923}
}