{"test_metrics":
{"accuracy": 0.8756969609149372, "auc": 0.7063457405841023, "balanced_accuracy": 0.5545013369306717, "f1": 0.123535851122058, "mcc": 0.0892170957643838, "global_accuracy": 0.9090338770388958, "global_f1": 0.14201183431952663, "global_mcc": 0.0940729948681248, "global_balanced_accuracy": 0.5483691444057297, "global_auc": 0.7469028261711189, "loss": 0.6153594632943471}
}