
{"test_metrics":
{"accuracy": 0.5217908712222606, "auc": 0.5409830832853708, "balanced_accuracy": 0.5113036932490276, "f1": 0.3638582843371396, "mcc": 0.013714481148135255, "global_accuracy": 0.5805014504765852, "global_f1": 0.33393650271426223, "global_mcc": 0.03507513373198246, "global_balanced_accuracy": 0.5187555500418762, "global_auc": 0.5397600099461046, "loss": 0.7951893030973005}
}