{
    "test_metrics":
    {"accuracy": 0.8601746161282896, "auc": 0.6899351901687644, "balanced_accuracy": 0.5769327103079647, "f1": 0.14359605911330048, "mcc": 0.1042552775276941, "global_accuracy": 0.9002509410288582, "global_f1": 0.15873015873015872, "global_mcc": 0.10776579179322002, "global_balanced_accuracy": 0.561040134210866, "global_auc": 0.7465560072267389, "loss": 0.6264133823414644}
}