{"test_metrics":
{"accuracy": 0.7941512879260255, "auc": 0.655154701217149, "balanced_accuracy": 0.5341575009440027, "f1": 0.17190069190069188, "mcc": 0.08330516558217403, "global_accuracy": 0.8748443337484434, "global_f1": 0.16597510373443983, "global_mcc": 0.10644213227100638, "global_balanced_accuracy": 0.5422847985347985, "global_auc": 0.6648443223443223, "loss": 0.8679335135402102}
}