{"test_metrics":
{"accuracy": 0.9025586403830023, "auc": 0.7182673974648166, "balanced_accuracy": 0.538238964111131, "f1": 0.1037956296576986, "mcc": 0.08071013901109834, "global_accuracy": 0.9291091593475533, "global_f1": 0.13740458015267176, "global_mcc": 0.10660341701689616, "global_balanced_accuracy": 0.5416505355529746, "global_auc": 0.758315589108272, "loss": 0.6045525756975015}
}