{"test_metrics":
{"accuracy": 0.8148421473524451, "auc": 0.653395971920476, "balanced_accuracy": 0.5363298865987008, "f1": 0.161987271987272, "mcc": 0.09637634120691355, "global_accuracy": 0.8854296388542964, "global_f1": 0.14814814814814814, "global_mcc": 0.10602016599410914, "global_balanced_accuracy": 0.5361630036630036, "global_auc": 0.6812728937728937, "loss": 0.8671636852351102}
}