{"test_metrics":
{"accuracy": 0.8252798544764656, "auc": 0.6558368125740907, "balanced_accuracy": 0.5469926995586339, "f1": 0.1702075702075702, "mcc": 0.1168004612752735, "global_accuracy": 0.8929016189290162, "global_f1": 0.1485148514851485, "global_mcc": 0.12262177212473764, "global_balanced_accuracy": 0.537293956043956, "global_auc": 0.6630860805860805, "loss": 0.8798761042681608}
}