{"test_metrics":
{"accuracy": 0.5372448259478956, "auc": 0.5269802707437108, "balanced_accuracy": 0.5169838479489682, "f1": 0.3318689605277645, "mcc": 0.030895496493319324, "global_accuracy": 0.6085785329465396, "global_f1": 0.32172351885098743, "global_mcc": 0.04744404215630693, "global_balanced_accuracy": 0.5243380698166067, "global_auc": 0.5498841993076932, "loss": 0.7847261268118914}
}