{"accuracy": 0.8887936002812734, "auc": 0.6835562690800685, "balanced_accuracy": 0.6590506800771797, "f1": 0.2875840883089645, "mcc": 0.27803289011867444, "global_accuracy": 0.8989570635243126, "global_f1": 0.2813102119460501, "global_mcc": 0.2273100617804337, "global_balanced_accuracy": 0.6092849103693021, "global_auc": 0.607963426936271, "loss": 0.5658104158937931}