{"accuracy": 0.8203976094117982, "auc": 0.6288489838065978, "balanced_accuracy": 0.5786515329873068, "f1": 0.19735098223380979, "mcc": 0.1334440012081799, "global_accuracy": 0.8693120260021668, "global_f1": 0.21735604217356042, "global_mcc": 0.14855302987740898, "global_balanced_accuracy": 0.5830731405705414, "global_auc": 0.5966374694325839, "loss": 1.5103148917357128}