{"accuracy": 0.8495393096665969, "auc": 0.774113039425594, "balanced_accuracy": 0.6944315665785455, "f1": 0.35452951323742765, "mcc": 0.3088957253042902, "global_accuracy": 0.8854279523293608, "global_f1": 0.33385826771653543, "global_mcc": 0.2763148621984226, "global_balanced_accuracy": 0.6581576272472943, "global_auc": 0.6828026697546745, "loss": 1.0238303268949192}