{"accuracy": 0.8351991417810614, "auc": 0.6374614075634187, "balanced_accuracy": 0.5958633276877809, "f1": 0.1998236705189189, "mcc": 0.15249403376045187, "global_accuracy": 0.8766251354279523, "global_f1": 0.2246808510638298, "global_mcc": 0.15870416847855404, "global_balanced_accuracy": 0.585316484349402, "global_auc": 0.5909985864638175, "loss": 1.3794053122401237}