{"accuracy": 0.8849402056765151, "auc": 0.8660086844411472, "balanced_accuracy": 0.7787368937474518, "f1": 0.4498987855005141, "mcc": 0.4327556626366637, "global_accuracy": 0.8985803985803986, "global_f1": 0.47491166077738517, "global_mcc": 0.43851396373332685, "global_balanced_accuracy": 0.7739656802502488, "global_auc": 0.8521601569972351, "loss": 0.4575037819643815}