{"accuracy": 0.8933728467048235, "auc": 0.8761202041362042, "balanced_accuracy": 0.7761382744340836, "f1": 0.45240046573090403, "mcc": 0.4330094894589484, "global_accuracy": 0.9077259077259078, "global_f1": 0.4940119760479042, "global_mcc": 0.456451182367287, "global_balanced_accuracy": 0.7737329643274427, "global_auc": 0.8557325046756495, "loss": 0.44357986251513165}