{"accuracy": 0.8868320949960435, "auc": 0.8616308041542035, "balanced_accuracy": 0.7695019065713568, "f1": 0.4446260245938151, "mcc": 0.42372603828435057, "global_accuracy": 0.9045864045864046, "global_f1": 0.4848931466470155, "global_mcc": 0.4470982618632591, "global_balanced_accuracy": 0.7711785939884702, "global_auc": 0.8485206506137177, "loss": 0.4612327280143897}