{"accuracy": 0.8332644377727796, "auc": 0.7824514382580163, "balanced_accuracy": 0.6757110151984443, "f1": 0.31644970723151233, "mcc": 0.26821040019358355, "global_accuracy": 0.8636240520043337, "global_f1": 0.2853087295954578, "global_mcc": 0.22172815479127952, "global_balanced_accuracy": 0.6370311634350901, "global_auc": 0.706781056940414, "loss": 0.7254965156316757}