{"accuracy": 0.8374467196977564, "auc": 0.7651670059416946, "balanced_accuracy": 0.673498638715785, "f1": 0.33758359147200573, "mcc": 0.2741104768164499, "global_accuracy": 0.866332611050921, "global_f1": 0.3586744639376218, "global_mcc": 0.3084106148277527, "global_balanced_accuracy": 0.7023285395197219, "global_auc": 0.8161419727325007, "loss": 0.5461992546916008}