{"accuracy": 0.8121671948829816, "auc": 0.7739660207327799, "balanced_accuracy": 0.6370246099084166, "f1": 0.2744301552315133, "mcc": 0.20265900349926058, "global_accuracy": 0.838569880823402, "global_f1": 0.31257208765859285, "global_mcc": 0.25925394423075565, "global_balanced_accuracy": 0.6830939938083171, "global_auc": 0.8124972481559606, "loss": 0.5549814601739248}