{"accuracy": 0.803257038292727, "auc": 0.5791250772996637, "balanced_accuracy": 0.539492216826588, "f1": 0.13908408735351607, "mcc": 0.06035235147756588, "global_accuracy": 0.8084686598876916, "global_f1": 0.13443072702331962, "global_mcc": 0.036269941966612346, "global_balanced_accuracy": 0.5228646796056685, "global_auc": 0.5229505606411798, "loss": 1.0382233237226803}