{"accuracy": 0.8570361332089066, "auc": 0.7666309246876754, "balanced_accuracy": 0.6954151734989945, "f1": 0.35460696915728446, "mcc": 0.3166266169444187, "global_accuracy": 0.8893553629469122, "global_f1": 0.32535094962840627, "global_mcc": 0.26763533530879885, "global_balanced_accuracy": 0.6475093751781101, "global_auc": 0.6776649938156103, "loss": 1.084825947880745}