{"accuracy": 0.8502471928198296, "auc": 0.8799864736333685, "balanced_accuracy": 0.8048882126519088, "f1": 0.5001820446562375, "mcc": 0.47007404026060495, "global_accuracy": 0.8908450704225352, "global_f1": 0.48596938775510207, "global_mcc": 0.4592322993279244, "global_balanced_accuracy": 0.8049241733595566, "global_auc": 0.8681379814444001, "loss": 0.48063023140033084}