{"accuracy": 0.7678665163702649, "auc": 0.6945205303286325, "balanced_accuracy": 0.6207733553062001, "f1": 0.24986103246067437, "mcc": 0.15198192495635737, "global_accuracy": 0.8645720476706392, "global_f1": 0.2614475627769572, "global_mcc": 0.19498616919508596, "global_balanced_accuracy": 0.6171151058207275, "global_auc": 0.6801025536302325, "loss": 0.9796023344000181}