{"accuracy": 0.73865277248392, "auc": 0.693839014989793, "balanced_accuracy": 0.6378512896917757, "f1": 0.26768074129513086, "mcc": 0.16041599874651769, "global_accuracy": 0.8401950162513543, "global_f1": 0.2625, "global_mcc": 0.19634271667015266, "global_balanced_accuracy": 0.6320508321981555, "global_auc": 0.6772175405983096, "loss": 0.9808954174319903}