{"accuracy": 0.8301109437756874, "auc": 0.6277968878362162, "balanced_accuracy": 0.591477729470886, "f1": 0.203962218676175, "mcc": 0.1488222031479013, "global_accuracy": 0.8724268689057422, "global_f1": 0.22405271828665568, "global_mcc": 0.15654738067411758, "global_balanced_accuracy": 0.5864559841364126, "global_auc": 0.5841163426986521, "loss": 1.5153951322038968}