{"accuracy": 0.8613693788062893, "auc": 0.8294577895465778, "balanced_accuracy": 0.7539325983994165, "f1": 0.4109245693464677, "mcc": 0.38266494562923187, "global_accuracy": 0.8652491874322861, "global_f1": 0.3414956982131039, "global_mcc": 0.2876086011320269, "global_balanced_accuracy": 0.6864233536814474, "global_auc": 0.7249867168657044, "loss": 0.6802892610430717}