{"accuracy": 0.8992528651835233, "auc": 0.8772492028310177, "balanced_accuracy": 0.7875769699412283, "f1": 0.4666790721833887, "mcc": 0.4536521687610004, "global_accuracy": 0.9116844116844117, "global_f1": 0.5057295645530939, "global_mcc": 0.46845852999922627, "global_balanced_accuracy": 0.7767290958208843, "global_auc": 0.8546761312732492, "loss": 0.44558388988176983}