{"accuracy": 0.8608178014920124, "auc": 0.7910109473174235, "balanced_accuracy": 0.6570981053718745, "f1": 0.31011050654668987, "mcc": 0.2617408238673933, "global_accuracy": 0.8726977248104009, "global_f1": 0.3622795115332429, "global_mcc": 0.31073291112510226, "global_balanced_accuracy": 0.6981023823743681, "global_auc": 0.814227904819556, "loss": 0.5379802708824476}