{"accuracy": 0.7753048025718264, "auc": 0.702841287998547, "balanced_accuracy": 0.6408319426437338, "f1": 0.28046570475471183, "mcc": 0.18887596436509355, "global_accuracy": 0.8557692307692307, "global_f1": 0.27303754266211605, "global_mcc": 0.2078179590712202, "global_balanced_accuracy": 0.6319421090348813, "global_auc": 0.6924807870638614, "loss": 0.8866574391722679}