{"accuracy": 0.8608807801190492, "auc": 0.770040978108154, "balanced_accuracy": 0.6824011116657819, "f1": 0.3356930507531009, "mcc": 0.30494634610134025, "global_accuracy": 0.8970747562296858, "global_f1": 0.3356643356643357, "global_mcc": 0.2805422647803086, "global_balanced_accuracy": 0.6474184799124164, "global_auc": 0.679474795539676, "loss": 1.080700213710467}