{"accuracy": 0.8920352309754416, "auc": 0.6742499687287677, "balanced_accuracy": 0.6206484954738555, "f1": 0.2504699548329919, "mcc": 0.2170433714286781, "global_accuracy": 0.8917930660888408, "global_f1": 0.3021834061135371, "global_mcc": 0.24415951678920916, "global_balanced_accuracy": 0.628397058612995, "global_auc": 0.6861729527563416, "loss": 0.5927340351045132}