{"accuracy": 0.8585636334679835, "auc": 0.7761308362637386, "balanced_accuracy": 0.6596327984694874, "f1": 0.3184018218153259, "mcc": 0.2623935016277402, "global_accuracy": 0.8782502708559047, "global_f1": 0.370888733379986, "global_mcc": 0.31947620961962464, "global_balanced_accuracy": 0.6993958503677544, "global_auc": 0.8173856036485603, "loss": 0.542589450875918}