{"accuracy": 0.8302802427214586, "auc": 0.7710147764891362, "balanced_accuracy": 0.6729257338857629, "f1": 0.3475845799394646, "mcc": 0.28347574782928486, "global_accuracy": 0.8690411700975081, "global_f1": 0.36921069797782124, "global_mcc": 0.32053490835310855, "global_balanced_accuracy": 0.7097479162294105, "global_auc": 0.82626902891712, "loss": 0.5459210847814878}