{"accuracy": 0.8280386724740375, "auc": 0.7608593309971445, "balanced_accuracy": 0.6454751557903557, "f1": 0.2838811838606385, "mcc": 0.22539297437120945, "global_accuracy": 0.8349133261105092, "global_f1": 0.3077796706416809, "global_mcc": 0.25416157582181637, "global_balanced_accuracy": 0.6811211748692554, "global_auc": 0.7970935394670485, "loss": 0.5915245662132899}