{"accuracy": 0.8717253479426897, "auc": 0.6622350164868961, "balanced_accuracy": 0.6236808335421592, "f1": 0.21202837442693773, "mcc": 0.185359041908171, "global_accuracy": 0.8782502708559047, "global_f1": 0.2426284751474305, "global_mcc": 0.17781932730494887, "global_balanced_accuracy": 0.5964070573623409, "global_auc": 0.6225889456770455, "loss": 0.6834149832526842}