{"accuracy": 0.8644666478688542, "auc": 0.7750324373750493, "balanced_accuracy": 0.6895914600099347, "f1": 0.32555461581884376, "mcc": 0.29558675688074987, "global_accuracy": 0.875406283856988, "global_f1": 0.28012519561815336, "global_mcc": 0.2167415401153096, "global_balanced_accuracy": 0.6246627893690626, "global_auc": 0.6848685449167127, "loss": 0.6833291215201219}