{"accuracy": 0.8552367147501218, "auc": 0.7969227203096377, "balanced_accuracy": 0.7495025300014337, "f1": 0.4026930736328271, "mcc": 0.368623873782596, "global_accuracy": 0.8764897074756229, "global_f1": 0.32941176470588235, "global_mcc": 0.2714190527987884, "global_balanced_accuracy": 0.663548945547388, "global_auc": 0.6509091012227507, "loss": 0.886273056268692}