{"accuracy": 0.77907131985176, "auc": 0.7525877393067237, "balanced_accuracy": 0.6355983639668261, "f1": 0.2792448078968007, "mcc": 0.20260799882530828, "global_accuracy": 0.8343716143011918, "global_f1": 0.31790295593976575, "global_mcc": 0.2676897244195296, "global_balanced_accuracy": 0.692744964091643, "global_auc": 0.8121086810246071, "loss": 0.5762897630532583}