{"accuracy": 0.8282074340178399, "auc": 0.7134434174572304, "balanced_accuracy": 0.6041862760616937, "f1": 0.2461664662964875, "mcc": 0.1757365815216446, "global_accuracy": 0.8959913326110509, "global_f1": 0.2727272727272727, "global_mcc": 0.21683074481559797, "global_balanced_accuracy": 0.6059788825851964, "global_auc": 0.6959816729212874, "loss": 0.867273231347402}