{"accuracy": 0.8781178191506176, "auc": 0.6787715481522497, "balanced_accuracy": 0.585886204362295, "f1": 0.18697797855981274, "mcc": 0.148846850127869, "global_accuracy": 0.8825839653304443, "global_f1": 0.2570694087403599, "global_mcc": 0.1942991504384951, "global_balanced_accuracy": 0.6038520954397588, "global_auc": 0.6384098541813038, "loss": 0.6415656010309855}