{"accuracy": 0.7519567416637539, "auc": 0.7065665429969229, "balanced_accuracy": 0.6388056531660652, "f1": 0.2652780727258354, "mcc": 0.1645019546669149, "global_accuracy": 0.8504875406283857, "global_f1": 0.28218465539661897, "global_mcc": 0.21892497312026638, "global_balanced_accuracy": 0.6435619815221946, "global_auc": 0.7017230663011407, "loss": 0.8985243116815885}