{"accuracy": 0.8058335144910914, "auc": 0.7740950136343896, "balanced_accuracy": 0.6604645341391157, "f1": 0.30388622385906916, "mcc": 0.24291284369660845, "global_accuracy": 0.8475081256771397, "global_f1": 0.3543577981651376, "global_mcc": 0.3108317709663236, "global_balanced_accuracy": 0.7202600279897993, "global_auc": 0.832758383636367, "loss": 0.543100118637085}