{"accuracy": 0.8460660160260074, "auc": 0.6414711635244419, "balanced_accuracy": 0.6139224400667231, "f1": 0.2225606587255194, "mcc": 0.16880548066620715, "global_accuracy": 0.8958333333333334, "global_f1": 0.3103448275862069, "global_mcc": 0.25536908439269684, "global_balanced_accuracy": 0.6375, "global_auc": 0.6234958022388061, "loss": 1.1429784042494637}