{"accuracy": 0.851413523039065, "auc": 0.6497441021588358, "balanced_accuracy": 0.6059292985229722, "f1": 0.2244181309500858, "mcc": 0.17519762243313813, "global_accuracy": 0.8995949074074074, "global_f1": 0.30181086519114686, "global_mcc": 0.2479555047552327, "global_balanced_accuracy": 0.6279539800995024, "global_auc": 0.6286704498341625, "loss": 1.0898056966917855}