{"accuracy": 0.8556237230774968, "auc": 0.8864565980680158, "balanced_accuracy": 0.7924066593189784, "f1": 0.49748325147249844, "mcc": 0.46521807106329593, "global_accuracy": 0.8940953412784398, "global_f1": 0.4772727272727273, "global_mcc": 0.4445538654903759, "global_balanced_accuracy": 0.7862502610031218, "global_auc": 0.8672068789753173, "loss": 0.47470899919668835}