{"accuracy": 0.8547588476490466, "auc": 0.776146271325445, "balanced_accuracy": 0.6853334226173184, "f1": 0.3551564663595846, "mcc": 0.30708762824734115, "global_accuracy": 0.8898970747562297, "global_f1": 0.3319638455217749, "global_mcc": 0.2747827883210122, "global_balanced_accuracy": 0.6520573798987214, "global_auc": 0.6819001999695845, "loss": 1.139883612593015}