{"accuracy": 0.8732500114338866, "auc": 0.6802548201227812, "balanced_accuracy": 0.6141810847800052, "f1": 0.1998640514935711, "mcc": 0.16437079097052906, "global_accuracy": 0.8770314192849404, "global_f1": 0.24459234608985025, "global_mcc": 0.17944687859930475, "global_balanced_accuracy": 0.5983028921982149, "global_auc": 0.6592383760081879, "loss": 0.6032892937461535}