{"accuracy": 0.8114394666016255, "auc": 0.6135199644161905, "balanced_accuracy": 0.5706881178969679, "f1": 0.14882844581869434, "mcc": 0.08022526321984166, "global_accuracy": 0.8266808316891789, "global_f1": 0.14520958083832336, "global_mcc": 0.05384531326888121, "global_balanced_accuracy": 0.5319437720662304, "global_auc": 0.5524082142612642, "loss": 1.8128295515974362}