{"accuracy": 0.8968014487710154, "auc": 0.8783798581130582, "balanced_accuracy": 0.7806030110676575, "f1": 0.45923817337089895, "mcc": 0.4428838782467998, "global_accuracy": 0.9122304122304122, "global_f1": 0.5057647963105304, "global_mcc": 0.4681837518536566, "global_balanced_accuracy": 0.775301698096849, "global_auc": 0.8544753432594266, "loss": 0.4527117771406968}