{"accuracy": 0.8588566212993657, "auc": 0.6673116792395994, "balanced_accuracy": 0.5896583527137303, "f1": 0.1962498767622991, "mcc": 0.14546424954870035, "global_accuracy": 0.9042245370370371, "global_f1": 0.2725274725274725, "global_mcc": 0.22181474888745054, "global_balanced_accuracy": 0.6053793532338309, "global_auc": 0.6345654539800996, "loss": 1.046081474849156}