{"accuracy": 0.8888035129604589, "auc": 0.6706988539231893, "balanced_accuracy": 0.6089259344192738, "f1": 0.23580358944902172, "mcc": 0.20002837630038817, "global_accuracy": 0.8911159263271939, "global_f1": 0.2756756756756757, "global_mcc": 0.21693027545439533, "global_balanced_accuracy": 0.6110087807797977, "global_auc": 0.6452675170573814, "loss": 0.6200449342528979}