{"accuracy": 0.8658150248339788, "auc": 0.7785715415775002, "balanced_accuracy": 0.6620170887508402, "f1": 0.32039817857833325, "mcc": 0.2724312084688562, "global_accuracy": 0.8824485373781148, "global_f1": 0.3673469387755102, "global_mcc": 0.314300553707109, "global_balanced_accuracy": 0.6905960271340601, "global_auc": 0.8080660701884328, "loss": 0.5599585970242819}