{"accuracy": 0.8952505412374273, "auc": 0.8685563654231886, "balanced_accuracy": 0.7655538198072187, "f1": 0.4379995803056013, "mcc": 0.4197615437747293, "global_accuracy": 0.9086814086814087, "global_f1": 0.49356548069644207, "global_mcc": 0.4553334426863104, "global_balanced_accuracy": 0.7708045420202935, "global_auc": 0.8565487306591875, "loss": 0.44750648985306424}