{"accuracy": 0.8015780386035691, "auc": 0.6521501015102992, "balanced_accuracy": 0.6084509570610422, "f1": 0.20711352528136304, "mcc": 0.14243734415611353, "global_accuracy": 0.853602383531961, "global_f1": 0.23604240282685512, "global_mcc": 0.16565839526715756, "global_balanced_accuracy": 0.6026851785072269, "global_auc": 0.61116855655887, "loss": 1.3611952563126881}