{"accuracy": 0.8418807651033066, "auc": 0.6419752895800027, "balanced_accuracy": 0.6032538050754885, "f1": 0.21374971925529104, "mcc": 0.15627455787682284, "global_accuracy": 0.8912037037037037, "global_f1": 0.28517110266159695, "global_mcc": 0.2278009104938556, "global_balanced_accuracy": 0.6234452736318408, "global_auc": 0.6197320688225538, "loss": 1.2710176834038325}