{"accuracy": 0.8623726360978748, "auc": 0.720315801023175, "balanced_accuracy": 0.6479259568811949, "f1": 0.21257006598085895, "mcc": 0.18597289959086594, "global_accuracy": 0.882854821235103, "global_f1": 0.2712721145745577, "global_mcc": 0.20908997988467684, "global_balanced_accuracy": 0.6133608477219323, "global_auc": 0.6252870359040351, "loss": 0.6545417457818985}