{"accuracy": 0.7639890038374454, "auc": 0.697228623053293, "balanced_accuracy": 0.6354424297978253, "f1": 0.26209338643829355, "mcc": 0.16617212787560548, "global_accuracy": 0.8565817984832069, "global_f1": 0.28008157715839566, "global_mcc": 0.2159527945811924, "global_balanced_accuracy": 0.6374873955413508, "global_auc": 0.6882569259356203, "loss": 0.93999511996905}