{"accuracy": 0.849178939796303, "auc": 0.6447242582152749, "balanced_accuracy": 0.600429829071485, "f1": 0.2209395354878548, "mcc": 0.16753897950699564, "global_accuracy": 0.9024884259259259, "global_f1": 0.2993762993762994, "global_mcc": 0.24697473363385394, "global_balanced_accuracy": 0.6237251243781095, "global_auc": 0.6349165630182421, "loss": 1.0747214342866624}