{"accuracy": 0.8927789534983265, "auc": 0.8747426649465929, "balanced_accuracy": 0.7919914412208126, "f1": 0.4615529287277455, "mcc": 0.4489543584184657, "global_accuracy": 0.9082719082719083, "global_f1": 0.5036927621861153, "global_mcc": 0.4681567835992245, "global_balanced_accuracy": 0.7834979501456711, "global_auc": 0.8515872436993988, "loss": 0.4579528793692589}