{"accuracy": 0.8652764157930322, "auc": 0.8880697503291578, "balanced_accuracy": 0.8018456101463921, "f1": 0.504974756514402, "mcc": 0.47858106755596014, "global_accuracy": 0.8940953412784398, "global_f1": 0.489556135770235, "global_mcc": 0.461054390682165, "global_balanced_accuracy": 0.801570907896489, "global_auc": 0.8762442724502528, "loss": 0.462529718875885}