{"accuracy": 0.8614692530944423, "auc": 0.7659325928116029, "balanced_accuracy": 0.6913977765053988, "f1": 0.36809256101391624, "mcc": 0.32105119221903555, "global_accuracy": 0.8970747562296858, "global_f1": 0.3548387096774194, "global_mcc": 0.30049789243423924, "global_balanced_accuracy": 0.6618879797561521, "global_auc": 0.6824253125892239, "loss": 1.1478846743702888}