{"accuracy": 0.8892318365046009, "auc": 0.8760562417812268, "balanced_accuracy": 0.7745758606734271, "f1": 0.44535883495929296, "mcc": 0.42607348120372485, "global_accuracy": 0.9034944034944035, "global_f1": 0.4858181818181818, "global_mcc": 0.4489639164248223, "global_balanced_accuracy": 0.7748943420167154, "global_auc": 0.851446733375812, "loss": 0.4572755868236224}