{"accuracy": 0.8222528076424226, "auc": 0.6431964815541229, "balanced_accuracy": 0.5968403696172401, "f1": 0.21519475704076912, "mcc": 0.1611556928531054, "global_accuracy": 0.8675514626218852, "global_f1": 0.23712948517940718, "global_mcc": 0.1690111580347243, "global_balanced_accuracy": 0.5974439116784345, "global_auc": 0.6009258891596387, "loss": 1.7507932881514232}