{"accuracy": 0.8637581960719527, "auc": 0.887703948299411, "balanced_accuracy": 0.7960637792692816, "f1": 0.5021200106232716, "mcc": 0.4722899156174757, "global_accuracy": 0.8934182015167931, "global_f1": 0.4812129202373105, "global_mcc": 0.45038063290220803, "global_balanced_accuracy": 0.7926941005596069, "global_auc": 0.879896020137961, "loss": 0.4486408792436123}