{"accuracy": 0.8601118111856886, "auc": 0.8853571747317719, "balanced_accuracy": 0.7943114599370679, "f1": 0.5154432275991842, "mcc": 0.48420703324773434, "global_accuracy": 0.9000541711809318, "global_f1": 0.5, "global_mcc": 0.46963039844671334, "global_balanced_accuracy": 0.7996789897956895, "global_auc": 0.8851168929324001, "loss": 0.4495769751568635}