{"accuracy": 0.896568782170953, "auc": 0.6683545224603602, "balanced_accuracy": 0.578566799490363, "f1": 0.16291338240722647, "mcc": 0.13985798303326627, "global_accuracy": 0.9034195933456562, "global_f1": 0.22878228782287824, "global_mcc": 0.18718502185356212, "global_balanced_accuracy": 0.573921490115822, "global_auc": 0.5453040886239267, "loss": 2.1960900193628143}