{"accuracy": 0.5402106664490317, "auc": 0.5849202812880344, "balanced_accuracy": 0.5128760867588883, "f1": 0.07306348937376406, "mcc": 0.02966709458008457, "global_accuracy": 0.7287907352545112, "global_f1": 0.07529843893480258, "global_mcc": 0.06541748791025356, "global_balanced_accuracy": 0.5113863848063734, "global_auc": 0.622366743360742, "loss": 0.8283048845749563}