{"accuracy": 0.21052631578947367, "f1": 0.03783783783783784, "jaccard": 0.020895522388059702, "auc": 0.7020497538780088, "loss": 0.6218119576377305}