{"accuracy": 0.5601779209167408, "auc": 0.6094841066020396, "balanced_accuracy": 0.5778340159391894, "f1": 0.5054379439110084, "mcc": 0.14396858126060494, "global_accuracy": 0.541346721795629, "global_f1": 0.4438343082249015, "global_mcc": 0.17460073963029926, "global_balanced_accuracy": 0.5991532232404225, "global_auc": 0.6306004842570565, "loss": 0.782419560632358}