{"accuracy": 0.3466666666666667, "f1": 0.025806451612903226, "jaccard": 0.013793103448275862, "auc": 0.6475572156186564, "loss": 0.49522174686193465}