{"accuracy": 0.7420109538355875, "auc": 0.6616728327677371, "balanced_accuracy": 0.627663043829644, "f1": 0.2595580316790435, "mcc": 0.1909919876607338, "global_accuracy": 0.772181146025878, "global_f1": 0.21621621621621623, "global_mcc": 0.13502246886584876, "global_balanced_accuracy": 0.6029378179175751, "global_auc": 0.6260058430098916, "loss": 0.6856967628002166}