{"accuracy": 0.7704677762618369, "auc": 0.7219039249754805, "balanced_accuracy": 0.6399795187489922, "f1": 0.15033565927429338, "mcc": 0.11811609242314126, "global_accuracy": 0.8048780487804879, "global_f1": 0.17587939698492464, "global_mcc": 0.13221541762233133, "global_balanced_accuracy": 0.6166545162936502, "global_auc": 0.6892104687613909, "loss": 0.5864135101437569}