{"accuracy": 0.3758305701384827, "auc_A": 0.6381386505551953, "auc_C": 0.625739777058427, "auc_G": 0.6344312157858051, "auc_U": 0.5916711624275848, "coverage": 1.0, "f1_A": 0.41835842836503423, "f1_C": 0.28897784724689457, "f1_G": 0.3944585679762218, "f1_U": 0.08653543917395977, "macro_f1": 0.29464377290833177, "mcc": 0.16375698691095883, "mean_auc": 0.6220400554114931, "non_standard_ratio": 0.0, "weighted_f1": 0.32264104598186877, "global_accuracy": 0.3749188311688312, "global_mcc": 0.17041426699700435, "global_macro_f1": 0.3258737069342457, "global_weighted_f1": 0.3340018401810091, "global_coverage": 1.0, "global_non_standard_ratio": 0.0017420896973625573, "global_auc_A": 0.664175210027901, "global_f1_A": 0.4456130322949414, "global_auc_C": 0.6305749402788025, "global_f1_C": 0.2992178032389556, "global_auc_G": 0.6451124357943195, "global_f1_G": 0.4482139540642605, "global_auc_U": 0.6077669963184898, "global_f1_U": 0.11045003813882533, "global_mean_auc": 0.6369073956048782, "confusion_matrix": [[0, 31, 1, 1, 10], [0, 3898, 378, 1534, 191], [0, 2113, 1358, 2313, 193], [0, 2458, 775, 3620, 160], [0, 3025, 589, 1673, 362]], "loss": 1.4946093036703867}