{"accuracy": 0.4266666666666667, "f1": 0.0, "jaccard": 0.0, "auc": 0.44693446266539494, "loss": 0.513406191666921}