{"accuracy": 0.7597476600970626, "auc": 0.6360395687586459, "balanced_accuracy": 0.6318586971948382, "f1": 0.25535818064046073, "mcc": 0.18497762970652362, "global_accuracy": 0.7994454713493531, "global_f1": 0.2542955326460481, "global_mcc": 0.1829541974011209, "global_balanced_accuracy": 0.633972505227566, "global_auc": 0.6564933042665836, "loss": 0.794469666481018}