{"accuracy": 0.6077040338881808, "auc": 0.5579579341687069, "balanced_accuracy": 0.5080938292053662, "f1": 0.0743686755568207, "mcc": 0.029516264015761635, "global_accuracy": 0.7156844968268359, "global_f1": 0.11462450592885376, "global_mcc": 0.05040767007719607, "global_balanced_accuracy": 0.5123388254055269, "global_auc": 0.6010719220733601, "loss": 0.8262901601835071}