{"accuracy": 0.8915561406101231, "auc": 0.6134809784011265, "balanced_accuracy": 0.5318524841287204, "f1": 0.09305954279638491, "mcc": 0.07200803500690874, "global_accuracy": 0.9045378661405372, "global_f1": 0.07906295754026355, "global_mcc": 0.058403920170026484, "global_balanced_accuracy": 0.5154465141468376, "global_auc": 0.5303734633101547, "loss": 2.3723440707122023}