{"accuracy": 0.9133766400184199, "auc": 0.4644552844886762, "balanced_accuracy": 0.5, "f1": 0.0, "mcc": 0.0, "global_accuracy": 0.9485006518904824, "global_f1": 0.0, "global_mcc": 0.0, "global_balanced_accuracy": 0.5, "global_auc": 0.3261516377397886, "loss": 0.7858544250329336}