{"accuracy": 0.4266666666666667, "f1": 0.0, "jaccard": 0.0, "auc": 0.27906437763429287, "loss": 0.5156337682406108}