{"accuracy": 0.7707541722808022, "auc": 0.7716191458141499, "balanced_accuracy": 0.6379816138484687, "f1": 0.18918828355681416, "mcc": 0.14196592550706383, "global_accuracy": 0.802356722013926, "global_f1": 0.19607843137254902, "global_mcc": 0.15279919070179884, "global_balanced_accuracy": 0.6322029661723045, "global_auc": 0.738676887185469, "loss": 0.5709426552057266}