{"accuracy": 0.8421737793213395, "auc": 0.6114466746095999, "balanced_accuracy": 0.5784720812793097, "f1": 0.15762193518872608, "mcc": 0.09988107977178706, "global_accuracy": 0.8547579298831386, "global_f1": 0.1447721179624665, "global_mcc": 0.06554990741597416, "global_balanced_accuracy": 0.5337734048743753, "global_auc": 0.53824074685327, "loss": 2.0316533843676248}