{"accuracy": 0.8151814515703594, "auc": 0.7356931318114855, "balanced_accuracy": 0.6540071136038677, "f1": 0.1749017890322238, "mcc": 0.15256607161395058, "global_accuracy": 0.8429506246281975, "global_f1": 0.1901840490797546, "global_mcc": 0.1444918535900227, "global_balanced_accuracy": 0.6147153167602245, "global_auc": 0.7085295618575491, "loss": 0.5451763495802879}