{"accuracy": 0.8865737537386157, "auc": 0.6601215361994579, "balanced_accuracy": 0.6173134867485708, "f1": 0.19219455745374658, "mcc": 0.16929368194492092, "global_accuracy": 0.8909426987060998, "global_f1": 0.25316455696202533, "global_mcc": 0.19519935958858034, "global_balanced_accuracy": 0.5915261526597559, "global_auc": 0.5299758271418191, "loss": 2.409031167626381}