{"accuracy": 0.3466666666666667, "f1": 0.05333333333333333, "jaccard": 0.03076923076923077, "loss": 0.5191898576915264}