{"accuracy": 0.26666666666666666, "f1": 0.013333333333333332, "jaccard": 0.006896551724137931, "loss": 0.4493022469182809}