{"accuracy": 0.37496797001188, "auc_A": 0.6405280955063278, "auc_C": 0.6307017317524024, "auc_G": 0.6349611575910632, "auc_U": 0.5996885265838805, "coverage": 1.0, "f1_A": 0.4011382773950598, "f1_C": 0.29234714818653923, "f1_G": 0.4158655470577134, "f1_U": 0.10439439813167697, "macro_f1": 0.3004239927913949, "mcc": 0.16260208021343167, "mean_auc": 0.6259643927165113, "non_standard_ratio": 0.0, "weighted_f1": 0.32442515861269355, "global_accuracy": 0.3794360413960699, "global_mcc": 0.17539395886777523, "global_macro_f1": 0.33471195540442455, "global_weighted_f1": 0.34110838343793287, "global_coverage": 1.0, "global_non_standard_ratio": 0.008392538119572895, "global_auc_A": 0.6696272867131974, "global_f1_A": 0.4433150899139953, "global_auc_C": 0.6398017385717563, "global_f1_C": 0.30512200483622776, "global_auc_G": 0.6571546859846491, "global_f1_G": 0.4587397522589911, "global_auc_U": 0.619060218245961, "global_f1_U": 0.13167097460848412, "global_mean_auc": 0.6464109823788909, "confusion_matrix": [[0, 197, 0, 2, 3], [0, 3402, 413, 1674, 198], [0, 1701, 1388, 2562, 182], [0, 1934, 816, 3833, 188], [0, 2624, 648, 1871, 433]], "loss": 1.48925565297787}