{"accuracy": 0.4266666666666667, "f1": 0.0, "jaccard": 0.0, "auc": 0.6224661618199754, "loss": 0.5052268882592519}