{"accuracy": 0.2631578947368421, "f1": 0.025, "jaccard": 0.013333333333333332, "auc": 0.5969885300910233, "loss": 0.6763394272052928}