{"accuracy": 0.3466666666666667, "f1": 0.04, "jaccard": 0.02222222222222222, "loss": 0.5090344871828953}