{"accuracy": 0.8247835756887006, "auc": 0.6037442062090447, "balanced_accuracy": 0.5803604191110623, "f1": 0.17198657173235196, "mcc": 0.11046339447874877, "global_accuracy": 0.8386705114584915, "global_f1": 0.15298804780876493, "global_mcc": 0.0664743264012414, "global_balanced_accuracy": 0.5376333142622421, "global_auc": 0.5344904045516338, "loss": 2.008693404495716}