{"accuracy": 0.36, "f1": 0.043243243243243246, "jaccard": 0.024242424242424242, "loss": 0.5943662324051062}