{"accuracy": 0.9377184002139489, "auc": 0.9253929473579362, "balanced_accuracy": 0.8131899479090027, "f1": 0.5857393405066094, "mcc": 0.5776509823106258, "global_accuracy": 0.9478569478569479, "global_f1": 0.6389413988657845, "global_mcc": 0.6108903115298698, "global_balanced_accuracy": 0.8022668815378242, "global_auc": 0.8796283426249971, "loss": 0.5336519156893095}