{"accuracy": 0.8328368255333282, "auc": 0.603922060711267, "balanced_accuracy": 0.5730022714767848, "f1": 0.14833137774717403, "mcc": 0.09042903810207033, "global_accuracy": 0.846107148277432, "global_f1": 0.1348122866894198, "global_mcc": 0.05108243615926571, "global_balanced_accuracy": 0.5273780183669278, "global_auc": 0.5345270797269411, "loss": 1.803359126051267}