{"accuracy": 0.6072797520339026, "auc": 0.5798432018795824, "balanced_accuracy": 0.5410247911965071, "f1": 0.32007718206740104, "mcc": 0.0830781862688321, "global_accuracy": 0.6736174070716229, "global_f1": 0.3225442228076778, "global_mcc": 0.11360885898450027, "global_balanced_accuracy": 0.5520856064043388, "global_auc": 0.6220943499660037, "loss": 0.8203222123584198}