{"accuracy": 0.932453361009601, "auc": 0.920811757794269, "balanced_accuracy": 0.8141228702016828, "f1": 0.5470289795088977, "mcc": 0.5392182805475157, "global_accuracy": 0.943079443079443, "global_f1": 0.6226244343891403, "global_mcc": 0.5922236708301072, "global_balanced_accuracy": 0.8048556569511325, "global_auc": 0.876600696083464, "loss": 0.5773870845635732}