{"accuracy": 0.8280479491395969, "auc": 0.7582482957183008, "balanced_accuracy": 0.705513008425098, "f1": 0.3324233166726868, "mcc": 0.29661481317226884, "global_accuracy": 0.8517778665601279, "global_f1": 0.31675874769797424, "global_mcc": 0.26304661845339505, "global_balanced_accuracy": 0.6792677093796337, "global_auc": 0.6916248146553786, "loss": 0.6738325774669647}