{"accuracy": 0.5926294590047382, "auc": 0.5934044098757696, "balanced_accuracy": 0.5640570879129132, "f1": 0.42999357735500726, "mcc": 0.12057288105002908, "global_accuracy": 0.613305799964087, "global_f1": 0.4171065096765462, "global_mcc": 0.1489272876774497, "global_balanced_accuracy": 0.582080966332811, "global_auc": 0.6146535519000209, "loss": 0.7654081554156947}