{"accuracy": 0.6003010436830276, "auc": 0.6106167749472272, "balanced_accuracy": 0.5696861650577971, "f1": 0.376122746527297, "mcc": 0.12591525763954378, "global_accuracy": 0.6588256419464895, "global_f1": 0.3815104166666667, "global_mcc": 0.14624564579822513, "global_balanced_accuracy": 0.5742668252400691, "global_auc": 0.6290706173066289, "loss": 0.7477122102498384}