{"accuracy": 0.8820362584067787, "auc": 0.6158164009703805, "balanced_accuracy": 0.5348905197351076, "f1": 0.10700555737169011, "mcc": 0.06899715870728325, "global_accuracy": 0.8978600698133252, "global_f1": 0.09906291834002677, "global_mcc": 0.06380629759304639, "global_balanced_accuracy": 0.5202243726100011, "global_auc": 0.5297197283103012, "loss": 2.3642955920021786}