{"accuracy": 0.5854335355066017, "auc": 0.5614690502561306, "balanced_accuracy": 0.5219552833217768, "f1": 0.2789055582007346, "mcc": 0.049895432761504196, "global_accuracy": 0.6552130553037171, "global_f1": 0.30181751422801545, "global_mcc": 0.0764995641215389, "global_balanced_accuracy": 0.5357863151367901, "global_auc": 0.5846304252660823, "loss": 0.8055136949604095}