{"accuracy": 0.6087182076753013, "auc": 0.5741636678676549, "balanced_accuracy": 0.5029147629102128, "f1": 0.023221882607605254, "mcc": 0.01535606904360853, "global_accuracy": 0.7227561196736174, "global_f1": 0.024872448979591837, "global_mcc": -0.00011042298609662843, "global_balanced_accuracy": 0.49998590418772865, "global_auc": 0.5874274460683412, "loss": 0.8835179781570485}