{"accuracy": 0.37471861651118576, "auc_A": 0.6378629541582127, "auc_C": 0.625890483833987, "auc_G": 0.6361021983360692, "auc_U": 0.5952510815786738, "coverage": 1.0, "f1_A": 0.4177114394391649, "f1_C": 0.2510552295118054, "f1_G": 0.3982295032235972, "f1_U": 0.10922509439892918, "macro_f1": 0.2916098633951352, "mcc": 0.16125641875914282, "mean_auc": 0.6238282482278018, "non_standard_ratio": 0.0, "weighted_f1": 0.3202818843383218, "global_accuracy": 0.37382305194805193, "global_mcc": 0.16770484081509787, "global_macro_f1": 0.3227596320179553, "global_weighted_f1": 0.33097452660549026, "global_coverage": 1.0, "global_non_standard_ratio": 0.0017420896973625573, "global_auc_A": 0.6644875003798525, "global_f1_A": 0.44722823859977756, "global_auc_C": 0.6307796131218, "global_f1_C": 0.2624970386164416, "global_auc_G": 0.6449337201298214, "global_f1_G": 0.4535280951820002, "global_auc_U": 0.6091608747522457, "global_f1_U": 0.12778515567360188, "global_mean_auc": 0.63734042709593, "confusion_matrix": [[0, 30, 1, 1, 11], [0, 3820, 278, 1658, 245], [0, 2044, 1108, 2608, 217], [0, 2316, 614, 3850, 233], [0, 2902, 465, 1849, 433]], "loss": 1.4929113257421207}