{"accuracy": 0.8921107510849985, "auc": 0.626257075781502, "balanced_accuracy": 0.5232796997813371, "f1": 0.07423558897243107, "mcc": 0.05244855973820727, "global_accuracy": 0.9042343299438458, "global_f1": 0.05961251862891207, "global_mcc": 0.037073453610101004, "global_balanced_accuracy": 0.509390373010983, "global_auc": 0.5409206324756233, "loss": 2.120485724234267}