{"accuracy": 0.59014051008012, "auc": 0.5874657765654566, "balanced_accuracy": 0.5628975630191956, "f1": 0.4268208896036006, "mcc": 0.11045786832364582, "global_accuracy": 0.621565810738014, "global_f1": 0.42283992879638505, "global_mcc": 0.16031903990646387, "global_balanced_accuracy": 0.5880466174640817, "global_auc": 0.6161010706574899, "loss": 0.7707886842532932}