{"accuracy": 0.5798913050947221, "auc": 0.5877862398565127, "balanced_accuracy": 0.5423502692614854, "f1": 0.3909698458962512, "mcc": 0.08053295659238852, "global_accuracy": 0.6197086040559165, "global_f1": 0.38201887697968323, "global_mcc": 0.12245946914067087, "global_balanced_accuracy": 0.5674242591124035, "global_auc": 0.6080830002561818, "loss": 0.7830384768700848}