{"accuracy": 0.28, "f1": 0.01509433962264151, "jaccard": 0.00784313725490196, "auc": 0.6748554450884959, "loss": 0.4917294883728027}