{"accuracy": 0.8005074910541827, "auc": 0.657824858552473, "balanced_accuracy": 0.7027753246150289, "f1": 0.2618097582052331, "mcc": 0.25037839050902544, "global_accuracy": 0.795483061480552, "global_f1": 0.23113207547169812, "global_mcc": 0.21727519914146254, "global_balanced_accuracy": 0.7018889534133437, "global_auc": 0.7555168408826946, "loss": 0.6227389971415201}