{"accuracy": 0.8858027536487174, "auc": 0.6730797615670947, "balanced_accuracy": 0.593254632157254, "f1": 0.199893210403591, "mcc": 0.16728596787368782, "global_accuracy": 0.890018484288355, "global_f1": 0.25157232704402516, "global_mcc": 0.19291870890341825, "global_balanced_accuracy": 0.5910248995269238, "global_auc": 0.5689905236463941, "loss": 1.8099287752719486}