{"accuracy": 0.4266666666666667, "f1": 0.0, "jaccard": 0.0, "loss": 0.4216715271274249}