{"accuracy": 0.8941927182145634, "auc": 0.6798638027971342, "balanced_accuracy": 0.5431053556815861, "f1": 0.09111111111111111, "mcc": 0.07435899141676423, "global_accuracy": 0.9208804283164783, "global_f1": 0.09523809523809523, "global_mcc": 0.05600956582434508, "global_balanced_accuracy": 0.5237697747320843, "global_auc": 0.7147991543340381, "loss": 0.7389699021975199}