{"accuracy": 0.8940575358190601, "auc": 0.6780959949724777, "balanced_accuracy": 0.5461724152840676, "f1": 0.10722222222222223, "mcc": 0.0774360894964061, "global_accuracy": 0.9262343842950624, "global_f1": 0.11428571428571428, "global_mcc": 0.08019731127014793, "global_balanced_accuracy": 0.5320915652110519, "global_auc": 0.6938762119997085, "loss": 0.7259318803747495}