{"accuracy": 0.9244435799230545, "auc": 0.35545926211265666, "balanced_accuracy": 0.5, "f1": 0.0, "mcc": 0.0, "global_accuracy": 0.9485570890840652, "global_f1": 0.0, "global_mcc": 0.0, "global_balanced_accuracy": 0.5, "global_auc": 0.3566468253968254, "loss": 0.7631653924783071}