{"accuracy": 0.8951686020827616, "auc": 0.686960122265754, "balanced_accuracy": 0.5472884603109187, "f1": 0.11277777777777778, "mcc": 0.08718602763656236, "global_accuracy": 0.926829268292683, "global_f1": 0.11510791366906475, "global_mcc": 0.08171599187507252, "global_balanced_accuracy": 0.5324050448348764, "global_auc": 0.7276736895822701, "loss": 0.7452621042728425}