{"accuracy": 0.30666666666666664, "f1": 0.0, "jaccard": 0.0, "loss": 0.39710853606462476}