{"accuracy": 0.587065691485969, "auc": 0.5461848531491835, "balanced_accuracy": 0.514312121154741, "f1": 0.25480549603980934, "mcc": 0.03379053608941101, "global_accuracy": 0.6640072529465095, "global_f1": 0.2842796446504442, "global_mcc": 0.07316170989354841, "global_balanced_accuracy": 0.5327980860963898, "global_auc": 0.585824827058105, "loss": 0.80767426058572}