{"accuracy": 0.9508196721311475, "auc": 0.3666666666666667, "balanced_accuracy": 0.48333333333333334, "f1": 0.0, "mcc": -0.023769134427076417, "global_accuracy": 0.9841897233201581, "global_f1": 0.0, "global_mcc": -0.0069006555934235415, "global_balanced_accuracy": 0.49404761904761907, "global_auc": 0.4563492063492064, "loss": 0.28530728816986084}