{"accuracy": 0.4266666666666667, "f1": 0.0, "jaccard": 0.0, "auc": 0.5000113880940151, "loss": 0.5254425756136576}