{"accuracy": 0.7916008376751564, "auc": 0.7873755124160239, "balanced_accuracy": 0.6511830623664792, "f1": 0.20856252907960687, "mcc": 0.17198156031928932, "global_accuracy": 0.8178896625602571, "global_f1": 0.22727272727272727, "global_mcc": 0.1930140883719732, "global_balanced_accuracy": 0.6635116369493973, "global_auc": 0.7608454146531134, "loss": 0.5504296869039536}