{"accuracy": 0.5863405325914834, "auc": 0.5923726638996404, "balanced_accuracy": 0.540405207927943, "f1": 0.28300229693088297, "mcc": 0.07182403866324559, "global_accuracy": 0.7221474100008978, "global_f1": 0.3237928774306314, "global_mcc": 0.1830864894768607, "global_balanced_accuracy": 0.572073072835866, "global_auc": 0.6353133168902985, "loss": 0.7745400807035219}