{"accuracy": 0.3754752621245212, "auc_A": 0.6422324170992882, "auc_C": 0.6279956817927503, "auc_G": 0.6369993546141949, "auc_U": 0.6025729041072602, "coverage": 1.0, "f1_A": 0.3973883543442499, "f1_C": 0.3001752631465157, "f1_G": 0.41702499100494433, "f1_U": 0.1200404551502248, "macro_f1": 0.30672587996286876, "mcc": 0.1574789769187964, "mean_auc": 0.6264724305921148, "non_standard_ratio": 0.0, "weighted_f1": 0.33088960299349324, "global_accuracy": 0.38085581018049075, "global_mcc": 0.17295518787282002, "global_macro_f1": 0.33753239945548763, "global_weighted_f1": 0.34507139496741884, "global_coverage": 1.0, "global_non_standard_ratio": 0.002104666693649573, "global_auc_A": 0.6778970579583585, "global_f1_A": 0.4511679354544863, "global_auc_C": 0.6397730075458394, "global_f1_C": 0.30948419301164726, "global_auc_G": 0.6501775841968093, "global_f1_G": 0.45139283683911313, "global_auc_U": 0.6183313249593944, "global_f1_U": 0.13808463251670378, "global_mean_auc": 0.6465447436651004, "confusion_matrix": [[0, 41, 0, 6, 5], [0, 3467, 426, 1892, 219], [0, 1583, 1488, 2710, 192], [0, 1869, 980, 3970, 202], [0, 2446, 749, 1997, 465]], "loss": 1.4863488490764911}