{"accuracy": 0.7528090333215971, "auc": 0.6415621155206056, "balanced_accuracy": 0.6165362889466969, "f1": 0.25334847143670675, "mcc": 0.17062352485405427, "global_accuracy": 0.8022181146025879, "global_f1": 0.2620689655172414, "global_mcc": 0.192761275334138, "global_balanced_accuracy": 0.6408921712565437, "global_auc": 0.6715902181489226, "loss": 0.7397808074951172}