{"accuracy": 0.933968042500668, "auc": 0.9162479023243776, "balanced_accuracy": 0.8066406504091366, "f1": 0.5559428459479078, "mcc": 0.5451525682474228, "global_accuracy": 0.9432159432159433, "global_f1": 0.6218181818181818, "global_mcc": 0.5914034120427274, "global_balanced_accuracy": 0.8032073786498624, "global_auc": 0.8763858707993125, "loss": 0.5382612360020479}