{"accuracy": 0.37572498193350323, "auc_A": 0.6407628730649638, "auc_C": 0.6283170401356615, "auc_G": 0.6375271511823266, "auc_U": 0.6019395323663486, "coverage": 1.0, "f1_A": 0.40125847762812605, "f1_C": 0.29586949752126934, "f1_G": 0.414308853734606, "f1_U": 0.12448308090480312, "macro_f1": 0.3052530820205115, "mcc": 0.16231099219669165, "mean_auc": 0.6269272612209708, "non_standard_ratio": 0.0, "weighted_f1": 0.3305366578589785, "global_accuracy": 0.3795198391083923, "global_mcc": 0.17463494274492664, "global_macro_f1": 0.3383494008897006, "global_weighted_f1": 0.34445487569843697, "global_coverage": 1.0, "global_non_standard_ratio": 0.008392538119572895, "global_auc_A": 0.6700737046625359, "global_f1_A": 0.443093995640399, "global_auc_C": 0.6406470046359467, "global_f1_C": 0.30877117272629195, "global_auc_G": 0.6560097186679381, "global_f1_G": 0.45692205518323975, "global_auc_U": 0.6184748800811244, "global_f1_U": 0.1446103800088718, "global_mean_auc": 0.6463013270118863, "confusion_matrix": [[0, 195, 0, 2, 5], [0, 3354, 451, 1639, 243], [0, 1676, 1431, 2526, 200], [0, 1865, 867, 3784, 255], [0, 2557, 687, 1843, 489]], "loss": 1.4889692985094511}