{"accuracy": 0.7702702702702703, "f1": 0.0, "jaccard": 0.0, "loss": 0.24702940921525698}