{"accuracy": 0.5949756208386351, "auc": 0.5993832095522328, "balanced_accuracy": 0.551082330852699, "f1": 0.34311400189079716, "mcc": 0.08373379277565304, "global_accuracy": 0.7023072089056468, "global_f1": 0.3902169915410077, "global_mcc": 0.1977594182623371, "global_balanced_accuracy": 0.5922808069113225, "global_auc": 0.6372540309487653, "loss": 0.7697118609919363}