{"accuracy": 0.7862759949605874, "auc": 0.7051709010984344, "balanced_accuracy": 0.6300072432606559, "f1": 0.15130504151638746, "mcc": 0.12145552950268992, "global_accuracy": 0.8078524687685901, "global_f1": 0.17391304347826086, "global_mcc": 0.12888636003272144, "global_balanced_accuracy": 0.6127214405482249, "global_auc": 0.6886053801851717, "loss": 0.5762488022446632}