{"accuracy": 0.4266666666666667, "f1": 0.0, "jaccard": 0.0, "auc": 0.4921175027107231, "loss": 0.5197097889582316}