{"accuracy": 0.2236842105263158, "f1": 0.023880597014925373, "jaccard": 0.012698412698412698, "auc": 0.7113700970210666, "loss": 0.6273001881414338}