{"accuracy": 0.878889012891564, "auc": 0.6518445805307647, "balanced_accuracy": 0.5676693021830894, "f1": 0.1403216458997392, "mcc": 0.10144844288826614, "global_accuracy": 0.8872458410351202, "global_f1": 0.18120805369127516, "global_mcc": 0.1231145789667048, "global_balanced_accuracy": 0.5543177470302977, "global_auc": 0.5078673013895687, "loss": 2.51336441342445}