{"accuracy": 0.8123633299943311, "auc": 0.7970791875633398, "balanced_accuracy": 0.6557623574613781, "f1": 0.17986448126963733, "mcc": 0.1535685449189491, "global_accuracy": 0.8355650776647028, "global_f1": 0.20671834625322996, "global_mcc": 0.1600891732931996, "global_balanced_accuracy": 0.6266733322224074, "global_auc": 0.7665944564794757, "loss": 0.5389295145869255}