{"accuracy": 0.8243313622183089, "auc": 0.7555156470731791, "balanced_accuracy": 0.7010435247010411, "f1": 0.31776742109470435, "mcc": 0.2777406759346027, "global_accuracy": 0.8489812225329605, "global_f1": 0.31272727272727274, "global_mcc": 0.2587802561612474, "global_balanced_accuracy": 0.6777610369732625, "global_auc": 0.6882168651647773, "loss": 0.6741171181201935}