{"accuracy": 0.8420935347008379, "auc": 0.590174464348838, "balanced_accuracy": 0.5736755281735142, "f1": 0.14769239020403374, "mcc": 0.09581247863712378, "global_accuracy": 0.8564273789649416, "global_f1": 0.13528336380255943, "global_mcc": 0.05701237849243047, "global_balanced_accuracy": 0.5287919991882561, "global_auc": 0.515807458997154, "loss": 1.9723817358414333}