{"accuracy": 0.8912267056387783, "auc": 0.604096912219363, "balanced_accuracy": 0.5208593020609049, "f1": 0.06579782790309106, "mcc": 0.039785650136470764, "global_accuracy": 0.9031719532554258, "global_f1": 0.05621301775147929, "global_mcc": 0.030890034124724387, "global_balanced_accuracy": 0.5079701268472063, "global_auc": 0.5083813472503399, "loss": 2.578402523931704}