{"accuracy": 0.32, "f1": 0.019047619047619046, "jaccard": 0.01, "auc": 0.668057593693187, "loss": 0.4793999400734901}