{"accuracy": 0.5909090909090909, "f1": 0.24761904761904763, "mcc": 0.0, "balanced_accuracy": 0.3333333333333333, "auc": 0.4373219373219373, "loss": 1.0122529864311218}