{"accuracy": 0.6493066601520886, "auc": 0.6382225793051087, "balanced_accuracy": 0.6018606455098334, "f1": 0.25350948737676426, "mcc": 0.16361401256942346, "global_accuracy": 0.6866913123844732, "global_f1": 0.18899521531100477, "global_mcc": 0.1003645969477461, "global_balanced_accuracy": 0.586359389598256, "global_auc": 0.5999258501282793, "loss": 0.7737736582756043}