{"accuracy": 0.9019092739023747, "auc": 0.6842794259094955, "balanced_accuracy": 0.5313218583795842, "f1": 0.07435897435897436, "mcc": 0.06074108027754275, "global_accuracy": 0.9292088042831648, "global_f1": 0.10526315789473684, "global_mcc": 0.07526515558303039, "global_balanced_accuracy": 0.5281584894656266, "global_auc": 0.7147772836626085, "loss": 0.7042125016450882}