{"accuracy": 0.8919700838909878, "auc": 0.6246109600486749, "balanced_accuracy": 0.5211997567799307, "f1": 0.06693476114528746, "mcc": 0.04462822798941507, "global_accuracy": 0.9043860980421915, "global_f1": 0.05688622754491018, "global_mcc": 0.034469547579671175, "global_balanced_accuracy": 0.5086315025085819, "global_auc": 0.5440299232755332, "loss": 2.3696541727373472}