{"accuracy": 0.896201196821638, "auc": 0.6656995452216142, "balanced_accuracy": 0.5854521695903769, "f1": 0.18709315098588455, "mcc": 0.16336612656833036, "global_accuracy": 0.9057301293900185, "global_f1": 0.2608695652173913, "global_mcc": 0.21959873379601122, "global_balanced_accuracy": 0.5887143895241062, "global_auc": 0.5547596802657532, "loss": 2.124059724018854}