{"accuracy": 0.37697944891151763, "auc_A": 0.6424265505260017, "auc_C": 0.6274649728979939, "auc_G": 0.6397379698277725, "auc_U": 0.6017030956142491, "coverage": 1.0, "f1_A": 0.39796107169545236, "f1_C": 0.29880374028429024, "f1_G": 0.42022969818862743, "f1_U": 0.1294938287871188, "macro_f1": 0.3089312664547514, "mcc": 0.1595638899281302, "mean_auc": 0.6269218520500307, "non_standard_ratio": 0.0, "weighted_f1": 0.33336902703496296, "global_accuracy": 0.3817886838369499, "global_mcc": 0.17415798033099317, "global_macro_f1": 0.3394121676078817, "global_weighted_f1": 0.34688872023984646, "global_coverage": 1.0, "global_non_standard_ratio": 0.002104666693649573, "global_auc_A": 0.6765768873688162, "global_f1_A": 0.4506104328523862, "global_auc_C": 0.6418636970961985, "global_f1_C": 0.3085016835016835, "global_auc_G": 0.6509215649281841, "global_f1_G": 0.45342706502636204, "global_auc_U": 0.618008318953887, "global_f1_U": 0.1451094890510949, "global_mean_auc": 0.6468426170867714, "confusion_matrix": [[0, 41, 0, 6, 5], [0, 3451, 409, 1900, 244], [0, 1570, 1466, 2721, 216], [0, 1855, 931, 3999, 236], [0, 2437, 725, 1998, 497]], "loss": 1.4889223002470457}