{"accuracy": 0.5640793967569023, "auc": 0.6107108547981265, "balanced_accuracy": 0.5599048643403868, "f1": 0.44716926144950525, "mcc": 0.10192113958697756, "global_accuracy": 0.5753101004134672, "global_f1": 0.40578512396694216, "global_mcc": 0.1277206891990701, "global_balanced_accuracy": 0.573001567685846, "global_auc": 0.6123185667769717, "loss": 0.7875255416923513}