{"accuracy": 0.8942936834553571, "auc": 0.6679824736133653, "balanced_accuracy": 0.5967647397963317, "f1": 0.22121953646351045, "mcc": 0.18803830146060235, "global_accuracy": 0.9001848428835489, "global_f1": 0.2702702702702703, "global_mcc": 0.2204188830108195, "global_balanced_accuracy": 0.5965386839880766, "global_auc": 0.5497471489374324, "loss": 1.7898920156499918}