{"accuracy": 0.6933657522114639, "auc": 0.6451916327747834, "balanced_accuracy": 0.6218904416718671, "f1": 0.25881009542000255, "mcc": 0.18235511396323636, "global_accuracy": 0.7255083179297597, "global_f1": 0.2037533512064343, "global_mcc": 0.12049413154445902, "global_balanced_accuracy": 0.5992881612314811, "global_auc": 0.6141240675653631, "loss": 0.7366092801094055}