{"accuracy": 0.6590909090909091, "f1": 0.2648401826484018, "mcc": 0.0, "balanced_accuracy": 0.3333333333333333, "auc": 0.2814942528735632, "loss": 0.9708485508506949}