{"accuracy": 0.9133766400184199, "auc": 0.5466152662833367, "balanced_accuracy": 0.5, "f1": 0.0, "mcc": 0.0, "global_accuracy": 0.9485006518904824, "global_f1": 0.0, "global_mcc": 0.0, "global_balanced_accuracy": 0.5, "global_auc": 0.6696898516681891, "loss": 0.7689553052186966}