{"accuracy": 0.9002546921978904, "auc": 0.6818745840591277, "balanced_accuracy": 0.562677754016829, "f1": 0.1176923076923077, "mcc": 0.10295138407716807, "global_accuracy": 0.9262343842950624, "global_f1": 0.1267605633802817, "global_mcc": 0.09230702460222397, "global_balanced_accuracy": 0.5375920390755996, "global_auc": 0.7171757672960559, "loss": 0.7268448635935784}