{"accuracy": 0.900239484839543, "auc": 0.65270373861228, "balanced_accuracy": 0.550801253409318, "f1": 0.0961111111111111, "mcc": 0.0826818542203526, "global_accuracy": 0.9280190362879238, "global_f1": 0.11678832116788321, "global_mcc": 0.08486245634526987, "global_balanced_accuracy": 0.5330320040825254, "global_auc": 0.7090180068528105, "loss": 0.7136238922675451}