{"accuracy": 0.4266666666666667, "f1": 0.0, "jaccard": 0.0, "auc": 0.36864075582295924, "loss": 0.49739111185073853}