{"accuracy": 0.3739178121291246, "auc_A": 0.6427314754842312, "auc_C": 0.6274889371321074, "auc_G": 0.6345593137992908, "auc_U": 0.6009506697868319, "coverage": 1.0, "f1_A": 0.3965891494700228, "f1_C": 0.28944092729843157, "f1_G": 0.4200269944596868, "f1_U": 0.12218651692258257, "macro_f1": 0.3044768291944844, "mcc": 0.15519448313748158, "mean_auc": 0.6251581538112806, "non_standard_ratio": 0.0, "weighted_f1": 0.32963042292812567, "global_accuracy": 0.37939566010951126, "global_mcc": 0.1709172500379775, "global_macro_f1": 0.3361054126769432, "global_weighted_f1": 0.3436713661752797, "global_coverage": 1.0, "global_non_standard_ratio": 0.002104666693649573, "global_auc_A": 0.6777165579496249, "global_f1_A": 0.4505851755526658, "global_auc_C": 0.6401552498859506, "global_f1_C": 0.29657548998492356, "global_auc_G": 0.6501434750173563, "global_f1_G": 0.45289834622114356, "global_auc_U": 0.6188345458728544, "global_f1_U": 0.14436263894904, "global_mean_auc": 0.6467124571814465, "confusion_matrix": [[0, 39, 0, 6, 7], [0, 3465, 373, 1901, 265], [0, 1598, 1377, 2763, 235], [0, 1859, 880, 4012, 270], [0, 2454, 683, 2020, 500]], "loss": 1.4893582325715284}