{"accuracy": 0.36653826242414916, "auc_A": 0.6378562067460719, "auc_C": 0.6234869726901849, "auc_G": 0.6352919653971137, "auc_U": 0.5957803307587908, "coverage": 1.0, "f1_A": 0.4185586782042163, "f1_C": 0.2560014727708649, "f1_G": 0.37563020344445686, "f1_U": 0.1894726762687702, "macro_f1": 0.30589698616377997, "mcc": 0.15160552685443945, "mean_auc": 0.6228430564789641, "non_standard_ratio": 0.0, "weighted_f1": 0.33295143553688666, "global_accuracy": 0.3659090909090909, "global_mcc": 0.15880425309235052, "global_macro_f1": 0.33920082165964305, "global_weighted_f1": 0.3443363782283077, "global_coverage": 1.0, "global_non_standard_ratio": 0.0017420896973625573, "global_auc_A": 0.6641496719625899, "global_f1_A": 0.44815821430636676, "global_auc_C": 0.6304978977308315, "global_f1_C": 0.2675561797752809, "global_auc_G": 0.6447201511693862, "global_f1_G": 0.421082459620289, "global_auc_U": 0.6090230160825918, "global_f1_U": 0.22000643293663558, "global_mean_auc": 0.6370976842363498, "confusion_matrix": [[0, 30, 1, 1, 11], [0, 3875, 296, 1122, 708], [0, 2072, 1143, 1832, 930], [0, 2391, 636, 2972, 1014], [0, 2954, 492, 1177, 1026]], "loss": 1.4959322459077182}