{"accuracy": 0.8603561494313126, "auc": 0.7501737317736884, "balanced_accuracy": 0.7018682520256777, "f1": 0.328277983454454, "mcc": 0.30469206530006265, "global_accuracy": 0.8929284858170196, "global_f1": 0.3588516746411483, "global_mcc": 0.3051686988370332, "global_balanced_accuracy": 0.673249390156407, "global_auc": 0.6834529105084421, "loss": 0.6514495730400085}