{"accuracy": 0.8882187191573956, "auc": 0.6151978765065563, "balanced_accuracy": 0.5364636192939894, "f1": 0.11098216555882459, "mcc": 0.08516608951919008, "global_accuracy": 0.8995295188951282, "global_f1": 0.10054347826086957, "global_mcc": 0.06847117082214044, "global_balanced_accuracy": 0.5211337641443926, "global_auc": 0.5314845683087366, "loss": 2.630168355197499}