{"accuracy": 0.37378954627170613, "auc_A": 0.6421779670243357, "auc_C": 0.6296671017653287, "auc_G": 0.636267140344097, "auc_U": 0.5980030386267422, "coverage": 1.0, "f1_A": 0.39880358958327294, "f1_C": 0.2625060182072386, "f1_G": 0.42208488087321083, "f1_U": 0.12368620048262675, "macro_f1": 0.2982019894615039, "mcc": 0.16029680793064224, "mean_auc": 0.6261376812650936, "non_standard_ratio": 0.0, "weighted_f1": 0.32332506353316676, "global_accuracy": 0.378723760841329, "global_mcc": 0.1743511293742887, "global_macro_f1": 0.33222622101149907, "global_weighted_f1": 0.3388158643957856, "global_coverage": 1.0, "global_non_standard_ratio": 0.008392538119572895, "global_auc_A": 0.6705001738084833, "global_f1_A": 0.44070036339610175, "global_auc_C": 0.6412887434883318, "global_f1_C": 0.27735124760076774, "global_auc_G": 0.6560005831525582, "global_f1_G": 0.4655628377601472, "global_auc_U": 0.616525132076857, "global_f1_U": 0.14529043528897947, "global_mean_auc": 0.6460786581315575, "confusion_matrix": [[0, 196, 0, 2, 4], [0, 3335, 289, 1786, 277], [0, 1672, 1156, 2772, 233], [0, 1870, 568, 4049, 284], [0, 2571, 490, 2016, 499]], "loss": 1.4903909082596118}