{"accuracy": 0.7797225076089481, "auc": 0.6472694658784752, "balanced_accuracy": 0.6386896107925559, "f1": 0.26924465270885767, "mcc": 0.19837063691179155, "global_accuracy": 0.822550831792976, "global_f1": 0.2727272727272727, "global_mcc": 0.20353955597346865, "global_balanced_accuracy": 0.6410879269178864, "global_auc": 0.6672509676558259, "loss": 0.7410310626029968}