{"accuracy": 0.5951237566665686, "auc": 0.5479919630733389, "balanced_accuracy": 0.5123437136878499, "f1": 0.19834946193943334, "mcc": 0.02830986520307298, "global_accuracy": 0.6734360834088848, "global_f1": 0.23686440677966103, "global_mcc": 0.05063693826959501, "global_balanced_accuracy": 0.5206986815966406, "global_auc": 0.5784732788306347, "loss": 0.8531012915815982}